"","p_val","avg_log2FC","pct.1","pct.2","p_val_adj"
"IFI6",0,-2.2035790478143,0.253,0.637,0
"IFITM3",0,-2.13341419915983,0.37,0.715,0
"ISG15",0,-2.07238397384995,0.277,0.615,0
"LY6E",0,-1.75573793345838,0.347,0.653,0
"MT2A",0,-1.56680627598461,0.403,0.624,0
"MT-ND4L",0,0.768280154772357,0.704,0.559,0
"PSME2",0,-0.62836864041811,0.467,0.605,0
"PLAC8",0,-1.01500082718021,0.25,0.384,0
"TNFSF10",0,-0.955440535972913,0.205,0.334,0
"BST2",0,-0.659267481729132,0.338,0.467,0
"CRIP1",0,0.595667653926254,0.459,0.333,0
"UBE2L6",0,-0.903565904109424,0.178,0.303,0
"LAP3",0,-0.900989074095756,0.183,0.306,0
"ZFP36L1",0,0.558456459178015,0.532,0.411,0
"STAT1",0,-0.800023688897865,0.2,0.32,0
"TNFSF13B",0,-0.51263182353124,0.463,0.581,0
"BLVRA",0,-0.741984541112707,0.207,0.321,0
"IFITM2",0,-0.669113742226913,0.502,0.616,0
"PSMB9",0,-0.559705706576094,0.385,0.498,0
"EIF4B",0,0.688325351079972,0.325,0.213,0
"GLRX",0,-0.421914215119812,0.435,0.544,0
"MIF",0,0.682989246898574,0.309,0.201,0
"WDR74",0,0.612672547223668,0.389,0.281,0
"GNLY",0,0.697055073030623,0.283,0.178,0
"CLEC7A",0,0.490511713582663,0.571,0.469,0
"RETN",0,-0.962605827419401,0.201,0.303,0
"SGK1",0,0.79118774634123,0.287,0.186,0
"TYMP",0,-0.694357247456016,0.757,0.858,0
"PLSCR1",0,-0.584064023289416,0.243,0.341,0
"EEF2",0,0.435171696183245,0.665,0.569,0
"VAMP5",0,-0.531523189994496,0.299,0.394,0
"ATP2B1",0,0.723469150535293,0.306,0.211,0
"ANXA2",0,-0.451493648630183,0.556,0.651,0
"HNRNPH1",0,0.456437939126818,0.399,0.305,0
"IGSF6",0,-0.470519438800249,0.311,0.404,0
"LTA4H",0,0.445643601527846,0.418,0.325,0
"NAMPT",0,0.44800714534762,0.598,0.506,0
"SP110",0,-0.704288879542982,0.171,0.261,0
"GABARAP",0,0.398165743072436,0.41,0.32,0
"TIMP1",0,-0.403404682407591,0.505,0.592,0
"TMEM123",0,-0.45153496755779,0.326,0.412,0
"ARL4A",0,-0.651778407123537,0.207,0.292,0
"CD52",0,0.36369150833394,0.808,0.724,0
"PCBP2",0,0.37481072988975,0.583,0.499,0
"IFI16",0,-0.493043633332509,0.312,0.395,0
"CIRBP",0,0.39131677933261,0.485,0.402,0
"DDX3X",0,0.439964699738483,0.357,0.274,0
"EIF3L",0,0.417614437362297,0.405,0.323,0
"DDIT4",0,-0.762669212547716,0.131,0.213,0
"ID1",0,-0.912479378715034,0.098,0.18,0
"EEF1B2",0,0.37124291849456,0.668,0.587,0
"CD44",0,0.393794925760095,0.625,0.544,0
"LGALS2",0,-0.376465065319874,0.549,0.63,0
"C12orf57",0,0.677698845661354,0.262,0.182,0
"CAPG",0,-0.359248891343938,0.372,0.451,0
"CHMP5",0,-0.730620942247585,0.133,0.212,0
"LTB",0,0.556309843097866,0.25,0.173,0
"ID2",0,-0.388523592679316,0.572,0.648,0
"CSF3R",0,0.360328504368649,0.469,0.393,0
"NAP1L1",0,0.33286118234791,0.613,0.537,0
"RGS2",0,0.262211301956608,0.695,0.619,0
"PTPRE",0,0.366966079465646,0.417,0.342,0
"GIMAP4",0,-0.549337301054733,0.207,0.28,0
"BLVRB",0,-0.296234197898948,0.46,0.532,0
"RNF213",0,-0.494378935514439,0.242,0.314,0
"CTSD",0,-0.32178212729399,0.536,0.608,0
"TMA7",0,0.30481671449563,0.809,0.738,0
"KRT10",0,0.549409840548421,0.251,0.18,0
"LGALS3",0,-0.331061856148037,0.426,0.497,0
"FCGR1A",0,-0.74328425988756,0.117,0.188,0
"JUND",0,0.286363592794885,0.611,0.54,0
"GRN",0,-0.353906786884696,0.57,0.64,0
"TRIM22",0,-0.654691777130707,0.147,0.217,0
"CD63",0,-0.287676534401087,0.484,0.553,0
"NCL",0,0.365281308175335,0.418,0.349,0
"ATP5ME",0,0.257890581451313,0.698,0.629,0
"NPM1",0,0.293042159069521,0.581,0.513,0
"MYL12B",0,-0.276479419843948,0.527,0.594,0
"BTG2",0,0.508311646784881,0.259,0.193,0
"TMEM107",0,0.574339105295918,0.234,0.168,0
"MYL12A",0,-0.307243944317957,0.699,0.763,0
"SORL1",0,0.571113395441565,0.195,0.131,0
"RABGAP1L",0,-0.607777599687153,0.14,0.204,0
"PYCARD",0,-0.244835467467314,0.602,0.663,0
"SNHG9",0,0.582584868070122,0.182,0.122,0
"HNRNPA1",0,0.304697867815177,0.727,0.667,0
"PSME1",0,-0.253163487603272,0.571,0.628,0
"KMT2E-AS1",0,0.53629072741049,0.171,0.115,0
"SERPINA1",0,-0.251089493421432,0.663,0.714,0
"CLIC1",0,-0.235928867868391,0.635,0.685,0
"MT-ND5",0,0.414916686253549,0.833,0.784,0
"TOMM7",0,0.304468897347455,0.78,0.732,0
"MS4A6A",0,-0.224540398388125,0.706,0.752,0
"NFKBIA",0,-0.381362740494797,0.767,0.812,0
"NPC2",0,-0.21601726951448,0.723,0.768,0
"PABPC1",0,0.35298599547432,0.853,0.808,0
"SLC25A6-ENSG00000169100",0,0.223230217814023,0.802,0.759,0
"HLA-C",0,-0.436780822930835,0.847,0.889,0
"ARPC3",0,-0.246197054133725,0.788,0.83,0
"HLA-A",0,-0.408333239827142,0.869,0.906,0
"FCER1G",0,-0.359827400926234,0.902,0.939,0
"DDX5",0,0.232062812554894,0.794,0.759,0
"S100A10",0,-0.339141120349217,0.845,0.879,0
"CXCR4",0,-0.385026656101647,0.375,0.408,0
"FCN1",0,-0.333788899012223,0.887,0.917,0
"RACK1",0,0.191038498630209,0.902,0.877,0
"MT-CYB",0,0.292458297562783,0.939,0.92,0
"S100A11",0,-0.231845696742035,0.922,0.94,0
"CST3",0,-0.328359192475959,0.963,0.977,0
"EIF1",0,0.221731091203726,0.978,0.964,0
"AIF1",0,-0.15120439032384,0.952,0.963,0
"HLA-B",0,-0.207308452461047,0.961,0.972,0
"CYBA",0,-0.21157927719422,0.966,0.976,0
"LGALS1",0,-0.259793969252878,0.961,0.969,0
"MT-ATP6",0,0.314275434372751,0.986,0.978,0
"TPT1",0,0.350637996619824,0.988,0.98,0
"GAPDH",0,-0.161196994595105,0.91,0.917,0
"OAZ1",0,-0.130261951988127,0.955,0.962,0
"FOS",0,0.266429001446947,0.993,0.987,0
"MT-ND3",0,0.51764075292211,0.99,0.984,0
"MT-ND1",0,0.176190975147452,0.963,0.958,0
"PTMA",0,0.145930132465559,0.988,0.983,0
"EEF1A1",0,0.379044945648535,0.994,0.99,0
"MT-ND4",0,0.294960166361173,0.989,0.985,0
"MT-CO3",0,0.37303920189234,0.999,0.997,0
"MT-ND2",0,0.190575584334148,0.967,0.965,0
"ENSG00000257764.2",0,0.308389433928206,0.646,0.645,0
"MT-CO1",0,0.386740213216902,0.999,0.998,0
"MT-CO2",0,0.276556005483999,0.998,0.997,0
"S100A9",0,-0.429896880521683,0.997,0.998,0
"TYROBP",0,-0.104363573331483,0.993,0.994,0
"B2M",0,-0.358074244752111,1,1,0
"FTL",0,-0.112610132691051,1,1,0
"S100A4",0,-0.171952273183836,0.999,0.999,0
"S100A6",0,-0.19667519959636,0.999,0.999,0
"TMSB10",0,-0.104270479115385,1,1,0
"CD3D",9.88131291682493e-324,0.63125737041153,0.119,0.073,2.00452313830711e-319
"ATP6V0E1",4.44659081257122e-323,-0.242203048520067,0.58,0.641,9.02035412238197e-319
"HNRNPDL",9.58487352932018e-322,0.311183958975367,0.496,0.428,1.94438744415789e-317
"SSB",1.35373986960502e-321,-0.511287922375092,0.177,0.243,2.74619669948073e-317
"LGALS9",8.35959072763389e-321,-0.42174255817712,0.258,0.328,1.69582657500781e-316
"CDC42EP3",8.58422261417207e-318,0.520322179509627,0.219,0.157,1.74139539951095e-313
"RBM3",3.64869258090086e-317,0.294867486669906,0.532,0.469,7.40173776961548e-313
"PABPC4",1.74707887003167e-316,0.557473016613921,0.186,0.128,3.54412419574624e-312
"TLE4",4.65713982921332e-314,0.418214745751377,0.31,0.24,9.44747385754214e-310
"PSMA7",1.27016943316616e-311,-0.278382925033039,0.483,0.55,2.57666571212087e-307
"PNRC1",4.25565374869405e-309,0.243549769870153,0.627,0.575,8.63301919460076e-305
"CD68",1.19691511073517e-307,-0.298130611392198,0.433,0.499,2.42806199363737e-303
"GSTO1",5.13835417205609e-302,-0.301836652550508,0.393,0.466,1.0423665273433e-297
"NMI",6.61110021640893e-297,-0.542641066221953,0.14,0.199,1.34112778990072e-292
"ATP2B1-AS1",3.27327695660977e-296,0.303360912276846,0.498,0.43,6.64016963417858e-292
"NDUFA12",4.18300448746127e-290,-0.396710549079006,0.23,0.297,8.48564290326393e-286
"IVNS1ABP",1.61993758443653e-285,0.49933042581192,0.169,0.117,3.28620538378794e-281
"S100A8",2.71236922510939e-285,-0.279528086585705,0.995,0.995,5.5023122100569e-281
"TNFAIP3",6.98330624046546e-285,-0.478227916224344,0.226,0.283,1.41663350394082e-280
"MEF2C",3.58838916174282e-283,0.351621405198968,0.373,0.304,7.27940625351148e-279
"STAT2",4.69870977939268e-273,-0.629388344373229,0.105,0.154,9.53180265847599e-269
"BTF3",7.70944895434026e-269,0.175185467570447,0.822,0.791,1.56393881487747e-264
"CORO1A",8.15081756250872e-265,-0.178181528133759,0.676,0.711,1.65347485073052e-260
"CARD16",1.26659293820531e-260,-0.230871330358704,0.551,0.611,2.56941043444329e-256
"ARF5",2.03516477183757e-258,0.394350566610891,0.254,0.194,4.12853525614969e-254
"RBX1",5.29488779826884e-255,-0.27512105425333,0.436,0.5,1.07412093875682e-250
"JUNB",2.35292894680844e-253,-0.1227332235362,0.826,0.842,4.7731516614956e-249
"MBNL1",1.20968657038797e-252,0.300140319582852,0.429,0.364,2.45397017668904e-248
"EMP3",1.26065362455706e-252,-0.169733058084792,0.799,0.817,2.55736194277645e-248
"DYNLT1",6.36098833770097e-251,-0.332779669027942,0.24,0.304,1.29039009418602e-246
"EIF2S3",1.01039341725739e-250,0.386811968183698,0.304,0.244,2.04968408624833e-246
"NDUFB1",2.25619206906457e-250,0.211639883372482,0.641,0.581,4.5769112313044e-246
"POLR2L",6.92895295012045e-250,0.215634258924788,0.657,0.6,1.40560739546143e-245
"IL32",5.04372040892721e-249,0.48502480466218,0.151,0.104,1.02316912215497e-244
"FKBP5",1.40660977902244e-248,-0.591816741406132,0.124,0.161,2.85344859772492e-244
"H3-3B",3.54890062567169e-244,0.139334961923494,0.943,0.929,7.19929980923759e-240
"DRAP1",2.15379108363657e-243,-0.311385231141628,0.337,0.401,4.36918059226515e-239
"TSC22D3",1.74464294272196e-242,-0.240231079134474,0.552,0.596,3.53918267360577e-238
"UBA52",1.41816790375619e-241,0.0923327593633285,0.98,0.98,2.87689540955981e-237
"HNRNPL",2.55777580801728e-241,0.505068630040892,0.147,0.102,5.18870400414386e-237
"CNIH4",8.58359677697336e-241,-0.443923450138512,0.14,0.193,1.74126844217682e-236
"HIF1A",4.24830988306079e-236,0.331900616264066,0.358,0.295,8.61812142877712e-232
"TMEM59",7.62739745317423e-235,-0.271101511421159,0.361,0.427,1.54729384735092e-230
"NOP53",2.39835771664508e-233,0.256854943439863,0.502,0.446,4.8653084639862e-229
"CSDE1",2.31952861358939e-231,0.320567706289524,0.354,0.293,4.70539574552744e-227
"SNHG25",6.49760522593165e-230,0.338262209999751,0.287,0.228,1.3181041961325e-225
"ATP5MJ",3.23867954717227e-229,0.150416044527824,0.891,0.864,6.56998532939367e-225
"CYP1B1",1.50418959486757e-227,0.510764825470308,0.179,0.131,3.05139901214835e-223
"ITM2B",1.81797468999062e-227,-0.143500968111399,0.818,0.837,3.68794345611496e-223
"SBDS",7.38847795615628e-227,-0.50616643340943,0.124,0.172,1.49882663818586e-222
"LY96",5.85634338498761e-224,-0.272804262413034,0.393,0.456,1.18801781907859e-219
"LRP1",2.26376213169046e-223,0.441213882098835,0.201,0.151,4.59226786034727e-219
"SET",4.51376422313068e-223,0.296427036423937,0.416,0.356,9.1566221030429e-219
"TALDO1",4.8994766451537e-223,-0.210292447652655,0.534,0.588,9.9390783223588e-219
"EIF3E",1.37573334023699e-222,0.21548529313589,0.631,0.582,2.79081265400476e-218
"PSMB8",5.52436863347702e-217,-0.318669436146758,0.291,0.351,1.12067342098715e-212
"CALM1",1.17081577329042e-215,-0.22702005641012,0.514,0.564,2.37511687769694e-211
"STK17B",3.17205920915746e-215,0.247679885864508,0.508,0.457,6.43483931169682e-211
"CMTM6",2.6776094223261e-214,0.279974553068971,0.422,0.362,5.43179847413072e-210
"FPR1",9.3319256379452e-214,-0.312075069638982,0.307,0.366,1.89307443491356e-209
"CLEC4E",1.13169907534167e-213,-0.375522528527415,0.243,0.298,2.29576474423812e-209
"UBC",1.02334649719553e-211,-0.141650584306615,0.763,0.783,2.07596070421085e-207
"PSMA4",2.95158973396723e-211,-0.276523465252074,0.388,0.444,5.98759493432592e-207
"DNAJC15",3.27520341641527e-211,-0.382626593906086,0.185,0.238,6.64407765054001e-207
"TTC3",4.17663799496597e-209,0.482697824982004,0.16,0.115,8.47272783658797e-205
"HLA-E",1.39093143056356e-207,-0.17759891726753,0.67,0.705,2.82164350004124e-203
"TREX1",4.96867380264128e-207,-0.461980395059064,0.114,0.159,1.00794516760381e-202
"MAP3K1",4.4701469139267e-203,0.379137615273754,0.219,0.169,9.06814002959171e-199
"COMMD6",1.39561503820464e-202,0.178982444772522,0.729,0.685,2.83114466650193e-198
"SRSF6",1.26018240243576e-201,0.42748333318244,0.183,0.137,2.55640602158117e-197
"MT1X",9.95924963581664e-201,-0.502837872814833,0.136,0.183,2.02033338112176e-196
"VSIR",2.55820910215817e-199,-0.202964717022779,0.546,0.592,5.18958298463807e-195
"SNHG8",5.69206437821987e-199,0.352177889164354,0.278,0.225,1.15469217976568e-194
"NKG7",2.50658015775861e-198,0.307005394115719,0.254,0.201,5.08484850802913e-194
"EIF4G2",4.05689249569694e-196,0.275638008167948,0.41,0.355,8.22981211677082e-192
"CCNI",2.67286130684465e-194,0.208466968431968,0.585,0.541,5.42216644706506e-190
"PFDN5",3.37366759932926e-192,0.097949173929412,0.977,0.972,6.84382209199935e-188
"BIRC2",4.49159693231935e-192,0.442964928864064,0.176,0.131,9.11165353690304e-188
"OGFRL1",4.44049932221662e-191,0.31469097431983,0.295,0.24,9.00799692504863e-187
"RSL24D1",8.60793561180305e-190,0.26662366801043,0.449,0.396,1.74620581821037e-185
"RAP2B",2.11067750557202e-188,0.425232677880042,0.181,0.136,4.2817203878034e-184
"DDX21",4.34643131671224e-188,0.300853540936554,0.356,0.303,8.81717056908245e-184
"SQOR",4.18413569642392e-187,-0.398389740319673,0.133,0.178,8.48793767376556e-183
"LDHA",7.26871434029977e-187,-0.297023102984265,0.268,0.323,1.47453139107321e-182
"IL10RA",2.93850747781156e-185,0.355919698965919,0.257,0.206,5.96105626948853e-181
"BCLAF1",1.16668705022597e-182,0.292904160902579,0.34,0.285,2.3667413500884e-178
"CD163",1.82580439724604e-182,-0.500101289359487,0.13,0.169,3.70382680025331e-178
"SELL",1.93007232666421e-182,-0.27725909522034,0.372,0.42,3.91534472187103e-178
"CD83",4.10754569296655e-182,0.405908430382572,0.195,0.149,8.33256719275194e-178
"CREG1",4.24558685276143e-182,-0.394386082339186,0.16,0.207,8.61259748951184e-178
"GADD45B",9.80430066617992e-181,0.340670473808431,0.311,0.264,1.98890043314126e-176
"ST13",1.22535616919633e-180,0.327819941956695,0.285,0.233,2.48575752483167e-176
"PMAIP1",5.2737857357414e-180,0.506559462582781,0.138,0.099,1.0698401743525e-175
"PLAAT4",1.07721009755244e-175,-0.380635042645576,0.182,0.229,2.18522840389488e-171
"ACTG1",3.50338920268e-175,0.150125164296137,0.757,0.723,7.10697533655665e-171
"SP100",1.00032493714344e-174,-0.377938958063945,0.178,0.226,2.02925916748918e-170
"CLTC",9.46978301636698e-174,0.411861712832566,0.146,0.107,1.92104018270021e-169
"SH3BGRL3",2.33222372997595e-173,-0.086569695731419,0.945,0.95,4.73114905862921e-169
"PCMT1",7.57152149816984e-171,-0.354559901976745,0.15,0.194,1.53595885111873e-166
"DYNLL1",3.20122684980564e-168,-0.239424366864061,0.353,0.408,6.49400878751572e-164
"COPS9",2.48528020198984e-166,0.242120583672,0.411,0.358,5.0416394177566e-162
"ITGAE",1.67584208678383e-165,0.489087624358464,0.139,0.102,3.39961325724967e-161
"CDC42SE2",3.14455053955206e-165,0.361732966516553,0.186,0.143,6.37903522453531e-161
"FUS",2.70388643455747e-164,0.289845857503115,0.335,0.286,5.48510402114328e-160
"HNRNPA2B1",1.27428940214002e-162,0.175603803214315,0.624,0.592,2.58502348118124e-158
"HMGB1",8.0605938035521e-162,0.158637569843384,0.698,0.669,1.63517205898858e-157
"PHF11",2.42404989866204e-161,-0.419104139595275,0.119,0.159,4.91742762442581e-157
"ENSG00000273338.1",3.09673279217063e-161,0.32922484537544,0.314,0.268,6.28203214219735e-157
"SREK1",7.40653731026248e-161,0.408902798491552,0.171,0.13,1.50249015875985e-156
"SFPQ",1.1944109364097e-159,0.284111323923886,0.329,0.28,2.42298202560072e-155
"CTSA",1.57161649886507e-158,-0.318571407141772,0.185,0.232,3.18818122959768e-154
"MDM4",1.99188233555955e-158,0.330189846268404,0.22,0.175,4.0407325059161e-154
"FBL",5.82834555996596e-157,0.350076333007715,0.221,0.177,1.1823381802947e-152
"CCNL1",1.27104025943777e-154,0.189581228288818,0.582,0.539,2.57843227029545e-150
"ATM",4.15683149004704e-154,0.398522986274177,0.143,0.106,8.43254836070943e-150
"CFD",5.20711457823001e-153,-0.157670591364822,0.636,0.671,1.05631526333974e-148
"FOXP1",1.9764694226392e-152,0.365450538238287,0.191,0.15,4.00946587076588e-148
"COX5B",4.96452255593241e-151,-0.137611013325499,0.671,0.704,1.00710304569645e-146
"NDUFA4",2.57584178745424e-150,-0.164996211987146,0.563,0.607,5.22535265002967e-146
"SLC2A3",3.94020314224217e-150,0.295778411684509,0.338,0.293,7.99309609435246e-146
"RBMX",6.06005800140982e-150,0.311394763807496,0.242,0.197,1.229343366166e-145
"RAC1",7.96070563523314e-150,-0.142413481416424,0.645,0.679,1.61490874516339e-145
"NDUFAF8",3.61622922861203e-149,0.410286279406766,0.152,0.115,7.33588261316235e-145
"SNX2",5.78086033456583e-149,-0.270421907617173,0.223,0.271,1.17270532747002e-144
"HNRNPD",1.80079180307586e-148,0.282067124915912,0.284,0.236,3.65308625171968e-144
"RNF145",1.97968692217172e-148,0.463598196536968,0.137,0.102,4.01599289031755e-144
"HMGB2",1.59303965315151e-146,-0.234036473263075,0.446,0.481,3.23164024038316e-142
"SERF2",1.72423397152803e-146,0.0831426099506869,0.976,0.97,3.49778103464177e-142
"CEBPB",9.30195787182809e-146,-0.171621994557974,0.567,0.608,1.88699517387905e-141
"TXN",2.78647522539272e-144,-0.202983266315648,0.398,0.45,5.65264364223166e-140
"BLOC1S1",2.48550085859224e-142,-0.184638472894886,0.479,0.527,5.04208704174022e-138
"NONO",1.76092854441269e-141,0.323549594239743,0.227,0.184,3.57221964519558e-137
"SLC38A2",7.73055679286686e-141,0.3087135829594,0.22,0.178,1.56822075100097e-136
"AHNAK",8.48321120079189e-141,0.205815941646719,0.484,0.443,1.72090422419264e-136
"STK4",3.21780874644363e-139,0.297253463589404,0.263,0.218,6.52764682303554e-135
"MAFB",8.23625882639124e-139,0.318036715940193,0.27,0.241,1.67080746552173e-134
"YBX1",2.05867745638171e-138,0.138765281699178,0.759,0.731,4.17623308801594e-134
"PPBP",2.645488608071e-138,-0.438897600176573,0.107,0.142,5.36663819033284e-134
"WASF2",3.91761183645814e-138,0.319724978994136,0.241,0.199,7.94726737143898e-134
"ISG20",2.91497380351285e-137,-0.547515507330051,0.089,0.12,5.91331585780617e-133
"CHP1",1.70261544787377e-136,0.345113344430136,0.219,0.178,3.45392569755673e-132
"TRA2B",3.61121393560743e-135,0.21710202315155,0.422,0.374,7.32570858977323e-131
"TMEM170B",1.90131262733388e-134,0.366437006999337,0.155,0.12,3.8570027958095e-130
"RSL1D1",1.61835056307198e-133,0.24897421946686,0.362,0.322,3.28298595224782e-129
"HINT1",7.96393477140103e-133,0.17463819935967,0.59,0.549,1.61556380772641e-128
"RNMT",3.64662735639616e-130,0.314670013411185,0.215,0.175,7.39754825518525e-126
"CPEB4",4.35077608275732e-130,0.418772748489695,0.111,0.081,8.82598436148149e-126
"BNIP2",6.15887294873458e-130,0.280488128810477,0.268,0.225,1.2493889663803e-125
"FAM133B",1.53181080254925e-129,0.29602479883637,0.245,0.203,3.10743139405141e-125
"SRRM2",3.68843601366468e-128,0.269667812261673,0.303,0.261,7.48236129732017e-124
"CDV3",5.16550435754513e-128,0.329507899633181,0.205,0.166,1.04787421397161e-123
"PPDPF",2.32208242935429e-127,0.1797387699434,0.516,0.471,4.71057641618812e-123
"MNDA",1.03830073808453e-126,-0.135281558395029,0.847,0.866,2.10629687727827e-122
"C6orf62",1.05249141743052e-125,0.278873960301118,0.234,0.193,2.13508408939955e-121
"ALDOA",1.13143981443864e-124,-0.115528888661518,0.693,0.717,2.29523880757023e-120
"GSTK1",1.02977023458015e-123,-0.20544393061238,0.385,0.429,2.08899189786928e-119
"CRTAP",1.23829315505079e-123,0.27494423729462,0.257,0.215,2.51200149433603e-119
"REEP5",1.90096229775378e-123,-0.231940374021786,0.265,0.311,3.85629211722333e-119
"ANP32B",5.73119856019356e-123,0.225094277354391,0.4,0.357,1.16263093992086e-118
"SFT2D2",1.32098030395586e-121,0.367370392213877,0.124,0.094,2.67974064460485e-117
"PLBD1",1.48369125229876e-121,-0.28835241411023,0.25,0.289,3.00981607441326e-117
"TMEM50A",2.90505805075734e-121,-0.206793979653541,0.332,0.379,5.89320076176634e-117
"FYB1",2.08715119076158e-120,-0.165867625554081,0.572,0.608,4.23399490557895e-116
"YPEL3",1.59935896021717e-119,0.347961045574232,0.164,0.129,3.24445958669656e-115
"HMGN1",1.71507121363944e-119,0.261114048882825,0.278,0.236,3.47919346398898e-115
"GNG2",4.68164679056676e-119,0.393723822316024,0.128,0.098,9.49718867934373e-115
"PRDX1",3.90584839982746e-118,-0.23021526834732,0.305,0.348,7.92340406388998e-114
"EIF3F",4.39875396477541e-118,0.202355911126268,0.434,0.395,8.9233122929434e-114
"ATP5F1C",9.31786127160794e-118,-0.202254113384537,0.318,0.364,1.89022133755839e-113
"FCGR2A",4.25422727225135e-117,-0.296046092343499,0.202,0.242,8.63012544448908e-113
"JUN",6.35505707015643e-117,0.18439618762478,0.589,0.55,1.28918687725193e-112
"PPP3CA",6.78735722930052e-117,0.363802662048867,0.142,0.11,1.3768832875359e-112
"DECR1",8.23996767378896e-117,-0.329888620623398,0.13,0.165,1.67155984230483e-112
"CD302",9.93122648701619e-117,0.231471053099156,0.36,0.319,2.0146486051561e-112
"IRF1",1.08746315009472e-116,-0.291214901456907,0.268,0.309,2.20602774628215e-112
"ADAR",1.20336908485101e-115,-0.3272100165299,0.179,0.216,2.44115452552876e-111
"CANX",1.58157910996346e-115,0.25226750433546,0.29,0.248,3.20839138247187e-111
"APEX1",1.96453645626226e-115,0.36913657032719,0.156,0.124,3.98525865517361e-111
"METAP2",1.47737653116541e-114,0.304240925909892,0.2,0.163,2.99700603112215e-110
"RASSF3",1.97815816863696e-114,0.29483023463084,0.167,0.134,4.01289166089693e-110
"MATR3-ENSG00000015479",3.00485947632669e-114,0.281812562782818,0.244,0.205,6.09565793367633e-110
"RAB8A",4.41543729969423e-114,-0.347635273600104,0.127,0.161,8.95715610615972e-110
"CASP1",1.32076063366443e-113,-0.215601735229321,0.334,0.378,2.67929502145166e-109
"SDHB",5.4111197109606e-113,-0.290115986336107,0.141,0.175,1.09769974456547e-108
"LASP1",6.96902961542312e-113,0.352011748767498,0.151,0.119,1.41373734778473e-108
"RNF181",1.90484034028303e-112,-0.202443882243463,0.307,0.352,3.86415911429815e-108
"NORAD",6.14588759092778e-112,0.272706911956641,0.196,0.16,1.24675475669561e-107
"LYSMD2",2.20157544513241e-111,-0.358937790325652,0.091,0.12,4.4661159479956e-107
"CALHM6",5.45235990014594e-111,-0.275581941287359,0.251,0.287,1.10606572934361e-106
"TLE5",7.27952398538468e-111,0.296505975013538,0.195,0.159,1.47672423567514e-106
"GAS7",8.63084491546569e-111,0.325952596591126,0.155,0.123,1.75085319955137e-106
"LDHB",1.06465350319207e-110,0.272045703878303,0.27,0.231,2.15975609657544e-106
"CHD2",1.48890828582274e-110,0.327349315854272,0.156,0.124,3.02039934862001e-106
"DUSP1",1.63344268678573e-110,0.0918718822242122,0.951,0.934,3.31360183441353e-106
"EVI2B",2.79636691504174e-110,0.148772080799827,0.636,0.607,5.67270992385367e-106
"ATP5F1E",3.62409677590784e-110,0.0549146600775154,0.973,0.976,7.35184271960665e-106
"NFKBIZ",7.24432099611786e-110,0.209072673094436,0.354,0.31,1.46958295727247e-105
"IRF2BP2",4.30599020936373e-109,0.250750920750889,0.319,0.279,8.73513173871527e-105
"EIF5",4.878434814052e-109,0.245032254525817,0.304,0.264,9.89639286378588e-105
"CD4",8.65946868698863e-109,0.273739163749392,0.236,0.198,1.75665981784251e-104
"DDX17",9.30413984170314e-109,0.208793117888386,0.328,0.285,1.8874378082879e-104
"DBI",1.50817412262787e-108,-0.17290308209478,0.452,0.493,3.0594820251629e-104
"NDUFA13",6.68699516794681e-108,0.167073070455907,0.514,0.47,1.35652383976969e-103
"ZSCAN16-AS1",2.21182655529196e-107,0.3385820111138,0.144,0.113,4.48691135006527e-103
"PLAUR",3.4508626867772e-107,0.202984245320746,0.375,0.332,7.00042004639623e-103
"RNASE6",1.79187136803088e-106,-0.196112323745663,0.345,0.388,3.63499025718745e-102
"REL",7.74329757380452e-106,0.262332577438157,0.26,0.222,1.57080534582199e-101
"TANK",1.04065980127977e-105,0.309147476388488,0.158,0.126,2.11108247287615e-101
"ERP44",2.62185775692344e-105,-0.257974897355368,0.153,0.187,5.31870064569489e-101
"TNRC6B",4.26773904064311e-105,0.288452282385943,0.2,0.165,8.65753541784862e-101
"KMT2C",3.40525425138838e-104,0.313086911271,0.167,0.134,6.90789877436646e-100
"ZEB2",2.10948141687612e-103,0.196508233072736,0.414,0.375,4.2792940022749e-99
"EIF4A2",4.88803108612664e-103,0.215469778164902,0.354,0.313,9.9158598613165e-99
"ZNF106",1.1063014716938e-102,0.266136440141266,0.232,0.195,2.24424316547805e-98
"TRAPPC6A",1.39337574654523e-102,0.374502401357836,0.143,0.113,2.82660203944166e-98
"MED13L",2.49751744600578e-102,0.340925531422387,0.146,0.116,5.06646389096733e-98
"VAMP2",5.18779842501537e-102,0.230446813168746,0.335,0.297,1.05239678849862e-97
"NSA2",7.44534125514066e-102,0.222737774707829,0.318,0.278,1.51036192701783e-97
"TOMM20",1.23612459507636e-101,0.244088051418674,0.285,0.247,2.50760235357191e-97
"PSMD7",1.71696778449402e-101,-0.272333300486798,0.158,0.192,3.48304084762457e-97
"HSBP1",2.35007411583384e-101,-0.195593541118747,0.344,0.386,4.76736035138053e-97
"EIF4EBP2",2.86919930263448e-101,0.282105396389516,0.188,0.154,5.82045770532431e-97
"HLA-F",4.93884763072411e-101,-0.266791940192311,0.215,0.253,1.00189463036869e-96
"LSP1",7.22780388335899e-101,0.155129725171124,0.583,0.547,1.4662322957782e-96
"ATP5PD",1.0284367276075e-100,-0.186702257005789,0.375,0.416,2.08628674562458e-96
"CMTM3",2.46025265669456e-100,0.352293256170398,0.159,0.129,4.99086853937059e-96
"ITGB2",1.86750642493851e-99,-0.133258379831905,0.584,0.613,3.78842353363027e-95
"EIF1AX",1.91691602281693e-99,0.238613233324319,0.278,0.24,3.88865584388642e-95
"NDUFB3",2.67902733451007e-99,-0.235286998395367,0.212,0.25,5.43467485078713e-95
"EIF3A",1.38386483691287e-98,0.230783887379878,0.299,0.26,2.80730820816144e-94
"FAU",3.85600142349563e-98,0.0590802427149608,0.978,0.978,7.82228448770324e-94
"BIRC6",5.81851669192154e-98,0.30342509333143,0.135,0.107,1.1803442961232e-93
"ANKRD44",9.61320024989493e-98,0.332920753548759,0.123,0.096,1.95013380269369e-93
"NUDT3",1.10581871184117e-97,0.335158417557635,0.151,0.121,2.24326383884099e-93
"ILF3",1.39190283337747e-97,0.350098709944849,0.134,0.105,2.82361408778953e-93
"PET100",2.63494467936923e-97,0.166802461196467,0.434,0.391,5.34524877656841e-93
"POMP",7.7462725874624e-97,-0.154550556187236,0.48,0.52,1.57140885709262e-92
"BST1",8.33813765278583e-97,-0.274784556356771,0.178,0.213,1.69147460424413e-92
"VPS29",2.29744335589511e-96,-0.179994466013357,0.293,0.334,4.66059359176881e-92
"PSMA3-AS1",2.68915119191806e-96,0.299020134620078,0.183,0.15,5.45521210792498e-92
"PCF11",6.64178868584352e-96,0.374172346567846,0.102,0.077,1.34735325281022e-91
"TMEM256",1.74647983369449e-95,0.252395855224205,0.267,0.232,3.54290899063264e-91
"BRD2",2.88739230513214e-95,0.316448324203587,0.16,0.129,5.85736403019106e-91
"EIF5A",3.89063322163479e-95,0.240356058135596,0.286,0.249,7.89253855340833e-91
"NHERF1",1.80464934911825e-94,0.383938814238562,0.119,0.092,3.66091166962128e-90
"LRPAP1",2.8139605339326e-94,-0.246747538977358,0.171,0.205,5.70840033913567e-90
"USP16",7.76568154307114e-94,0.283845139966748,0.18,0.148,1.57534615782741e-89
"NAPA",8.47430771525256e-94,-0.34259527503443,0.117,0.147,1.71909806311613e-89
"PABPN1",7.36680945127669e-93,0.303979954267787,0.182,0.151,1.49443096528599e-88
"NAGK",2.09005921353075e-92,-0.262355960030828,0.187,0.222,4.23989412056848e-88
"SLCO3A1",4.2094535493021e-92,0.310460970932219,0.133,0.106,8.53929747011425e-88
"C1orf162",5.7363810294636e-92,-0.135270190322013,0.563,0.594,1.16368225563699e-87
"NUCKS1",1.78952096766339e-91,0.301375325773673,0.185,0.154,3.63022223500196e-87
"ARPC1B",2.05457903399065e-91,-0.0897382082038183,0.727,0.742,4.16791902835343e-87
"LMAN2",3.29916316446418e-91,-0.243916435448072,0.16,0.193,6.69268239543203e-87
"HSP90AB1",6.40492031210558e-91,0.182168262961516,0.397,0.359,1.29930213451374e-86
"ASH1L",1.05827588595189e-90,0.337680039465684,0.123,0.097,2.146818462242e-86
"CLTA",1.41452298921165e-90,-0.197746112852722,0.306,0.345,2.86950133591475e-86
"KLF6",4.95406160674727e-90,0.119910643084984,0.683,0.65,1.00498093754475e-85
"FOSB",6.3500912154109e-90,0.122128026931299,0.632,0.595,1.28817950395825e-85
"CELF2",7.79666534460101e-90,0.181908844118946,0.377,0.337,1.58163153180576e-85
"UQCR10",2.50903532414276e-89,-0.142052871803208,0.5,0.539,5.089829058556e-85
"RNH1",2.61050504083387e-89,-0.195955633347066,0.297,0.335,5.29567052583558e-85
"CD93",3.60206088626668e-89,0.233442746609198,0.222,0.188,7.30714071388058e-85
"HLA-DPA1",4.93419636357353e-89,-0.156037333771792,0.557,0.576,1.00095107431453e-84
"CDKN1A",5.81118907442607e-89,-0.162449132867813,0.197,0.23,1.17885781563807e-84
"NKTR",6.35118088854845e-89,0.293520651070509,0.18,0.149,1.28840055505094e-84
"CPPED1",8.36658263621286e-89,-0.244677440815767,0.183,0.217,1.69724495358214e-84
"SRGN",9.52603226100092e-89,-0.0629455461762731,0.95,0.952,1.93245090446665e-84
"FAM91A1",3.22906229932218e-88,0.287819798101344,0.125,0.1,6.55047578040498e-84
"PRKCB",3.46560907682009e-88,0.207270030101705,0.321,0.283,7.03033457323723e-84
"HNRNPU",4.66694015973039e-88,0.175218646121632,0.437,0.401,9.46735480802906e-84
"GNG5",7.58043485865387e-88,-0.148932914406382,0.442,0.482,1.53776701542653e-83
"CD55",9.70069475483674e-88,0.21958449713007,0.284,0.247,1.96788293796618e-83
"MBP",2.19976906590554e-87,0.291477991388061,0.151,0.122,4.46245152709599e-83
"UBE2L3",2.51267189493147e-87,-0.189442167350694,0.261,0.298,5.09720620605799e-83
"SLC36A4",2.76200922550821e-87,0.318909968313928,0.118,0.093,5.60301191486595e-83
"ARPC5",3.81537014420096e-87,-0.133823702139781,0.567,0.6,7.73985987452606e-83
"MPLKIP",7.44058391129962e-86,-0.266067684707116,0.107,0.134,1.50939685224624e-81
"PELI1",7.96752893767477e-86,0.197413640566012,0.131,0.108,1.6162929202967e-81
"ATF4",9.46623285211215e-86,0.214931981461961,0.304,0.269,1.92031999637947e-81
"LENG8",2.07256214400512e-85,0.276959826804805,0.155,0.126,4.20439956532878e-81
"HNRNPC",4.94359647441202e-85,0.151339235961863,0.521,0.488,1.00285798079922e-80
"RHOG",7.29840411052144e-85,-0.170922619416693,0.378,0.415,1.48055425786038e-80
"CSTB",3.31726851756442e-84,-0.144551347498499,0.48,0.514,6.72941091473117e-80
"DAZAP2",3.35348838158788e-84,0.127381945424085,0.622,0.593,6.80288653088918e-80
"LILRA5",5.33712474003008e-84,-0.241778378164567,0.228,0.262,1.0826891247625e-79
"OGA",8.30046791100534e-84,0.24648601224788,0.186,0.155,1.68383292042654e-79
"VCAN",1.01115820810359e-83,0.101208226621814,0.811,0.794,2.05123554095894e-79
"SNRPD2",1.4731774857422e-83,0.158098603311205,0.487,0.454,2.98848784757663e-79
"CD53",5.89954180853159e-83,-0.194141298256129,0.324,0.359,1.19678105127872e-78
"TAGLN2",6.72100199477513e-83,-0.158287225565323,0.446,0.467,1.36342246466008e-78
"RBM25",1.11825675538714e-82,0.206986231374697,0.31,0.274,2.26849565397835e-78
"PPP1R15A",2.06341822366852e-82,0.159335884952498,0.414,0.375,4.18585020853396e-78
"DNAJB1",2.38154068748137e-82,0.335952946211352,0.129,0.103,4.83119343862472e-78
"VAMP8",4.41037986265918e-82,-0.112050814808577,0.626,0.652,8.94689658939042e-78
"FGL2",9.59324418229173e-81,-0.134884961928333,0.6,0.628,1.9460855148197e-76
"PLEKHO1",1.76738765206055e-80,0.247638858836112,0.224,0.192,3.58532259097004e-76
"CFP",2.07647258280307e-80,-0.144958907049098,0.476,0.509,4.2123322814743e-76
"DPYD",3.47386147261107e-80,0.188578310540855,0.229,0.197,7.04707538333881e-76
"UQCRQ",4.2453987296605e-80,0.143453557591607,0.549,0.515,8.6122158629893e-76
"SF1",8.71343418525441e-80,0.215124144680239,0.276,0.241,1.76760725882071e-75
"SRI",1.23883866570727e-79,-0.214908159467524,0.169,0.2,2.51310811725376e-75
"GMFG",1.25284303043872e-79,-0.0795617009362686,0.802,0.818,2.54151737154799e-75
"NOTCH2",3.53201193402072e-79,0.242563559190333,0.192,0.161,7.16503940935444e-75
"PKN2",6.8472855801193e-79,0.298374407232615,0.134,0.108,1.389040352783e-74
"HEXB",8.48578735195006e-79,-0.216996519835305,0.173,0.204,1.72142682221659e-74
"PARP8",9.93090412195646e-79,0.322211541839917,0.104,0.081,2.01458321018009e-74
"WARS1",2.9258061253872e-78,-0.265066025618401,0.2,0.229,5.93529030596048e-74
"KRTCAP2",3.25251683381459e-78,0.229506868296791,0.248,0.216,6.59805564907628e-74
"PTBP3",3.35229259374375e-78,0.219697485741698,0.21,0.178,6.80046075566856e-74
"CHMP2A",6.49001442261455e-77,-0.18404634407392,0.308,0.344,1.31656432577159e-72
"EVI5",7.06305767227093e-77,0.339844800225826,0.111,0.088,1.43281187939688e-72
"HNRNPH3",9.38704501924861e-77,0.251791747121822,0.195,0.166,1.90425595260477e-72
"HMGN2",1.43677587677382e-76,0.140048853916113,0.545,0.512,2.91464354362338e-72
"RCSD1",1.57071486223401e-76,0.23105370781026,0.225,0.193,3.18635216952792e-72
"MIDN",2.28021386061832e-76,0.217041300790462,0.299,0.269,4.62564183765033e-72
"DYNLRB1",2.58003859636623e-76,-0.230662604847418,0.193,0.225,5.23386629658853e-72
"MGST3",5.74615408211716e-76,-0.216343035048969,0.197,0.229,1.16566481709829e-71
"NUFIP2",6.739613653868e-76,0.262026640396001,0.17,0.142,1.36719802582366e-71
"H2AJ",1.50235275883161e-75,-0.203282755161286,0.23,0.263,3.04767280656581e-71
"SF3B1",2.25592013021498e-75,0.184107260669745,0.318,0.283,4.57635957615411e-71
"PKM",2.8152258954758e-75,-0.147125710594859,0.438,0.468,5.7109672515622e-71
"EVL",3.08932437954603e-75,0.294386010262896,0.126,0.102,6.26700343634707e-71
"COX7C",5.18355543616406e-75,0.087900105883675,0.841,0.825,1.05153605578024e-70
"LSM7",5.75318120159111e-75,0.188542246041936,0.362,0.331,1.16709033855477e-70
"EPC1",2.51781911651564e-74,0.236227617327147,0.206,0.176,5.10764785976363e-70
"CYSLTR1",3.03974334148787e-74,-0.381346982995351,0.081,0.103,6.16642334254229e-70
"GLIPR2",4.83840420015889e-74,-0.172014955034231,0.308,0.344,9.81518676044232e-70
"USP3",1.2756768195283e-73,0.225856249564925,0.245,0.214,2.5878379960951e-69
"TRA2A",5.63716549533843e-73,0.230705299085972,0.2,0.171,1.14355539238435e-68
"EIF3M",6.17817032860996e-73,0.168344095126144,0.418,0.385,1.25330363286182e-68
"LILRB2",7.93988349882146e-73,-0.237422226488377,0.216,0.245,1.61068476657092e-68
"ENO1",1.79126953185551e-72,-0.130736189477057,0.507,0.535,3.63376937232208e-68
"SAT1",3.35390433692679e-72,-0.0830559923556793,0.942,0.948,6.80373033788968e-68
"UQCR11",3.69503125244319e-72,0.0993209200586835,0.783,0.759,7.49574039870625e-68
"TBL1XR1",4.12625490310232e-72,0.303997053385388,0.098,0.077,8.37052069643336e-68
"MAP3K2",8.65361856930239e-72,0.248930946281713,0.178,0.15,1.75547306296868e-67
"CCNY",1.83608676251874e-71,0.233077805750237,0.196,0.167,3.72468560644551e-67
"SP3",2.61134670153629e-71,0.305794285719269,0.121,0.098,5.29737791873652e-67
"CSTA",3.98780497161168e-71,-0.0564646890768463,0.855,0.863,8.08966116541145e-67
"PSMB6",5.56236994851726e-71,-0.136234697262245,0.248,0.28,1.12838236775621e-66
"STT3B",6.08057812500651e-71,0.270421546797746,0.142,0.117,1.23350607843882e-66
"ARGLU1",7.4532441449623e-71,0.198407223767357,0.318,0.287,1.51196510724705e-66
"RGS10",1.00075082286824e-70,-0.182361655799106,0.285,0.319,2.03012311927051e-66
"ACTB",2.00321589658456e-70,-0.0434551932189065,0.998,0.999,4.06372376781144e-66
"HSP90AA1",2.82505187897771e-70,-0.116686550967692,0.524,0.558,5.73090024169418e-66
"RHOA",4.7832211608427e-70,-0.09472792780831,0.668,0.687,9.7032424468855e-66
"TCF25",1.88448935304702e-69,0.187944402623848,0.312,0.28,3.82287510159117e-65
"VPS13C",2.08986574843885e-69,0.202867883055447,0.216,0.186,4.23950165728305e-65
"SEC61G",2.48354998137105e-69,0.126353114058098,0.574,0.541,5.03812949220931e-65
"SYNCRIP",3.93950179806711e-69,0.244890518319108,0.165,0.138,7.99167334755895e-65
"PELATON",7.89814643017485e-69,0.229572016943801,0.258,0.229,1.60221798482527e-64
"FAR1",1.01020469608495e-68,0.263411373921998,0.131,0.107,2.04930124647793e-64
"RBBP4",1.52729285106786e-68,0.24348836782251,0.163,0.137,3.09826627767626e-64
"SEPTIN9",1.58783668478253e-68,0.231246689830469,0.221,0.192,3.22108549874983e-64
"ZFAND5",3.76999687845092e-68,-0.176301613220676,0.397,0.418,7.64781566762554e-64
"CSF2RA-ENSG00000198223",5.74145365903492e-68,0.292560822262194,0.144,0.119,1.16471128927182e-63
"HNRNPUL1",1.19602082215335e-67,0.269985064472481,0.15,0.125,2.42624783982029e-63
"TPM4",3.0586019815685e-67,0.251689872333373,0.2,0.174,6.20467997980987e-63
"UQCRB",3.92270797797709e-67,0.0872917410121032,0.858,0.839,7.95760540412432e-63
"SPN",4.27165098990029e-67,0.309339768012904,0.124,0.101,8.66547119811172e-63
"CD36",4.28341431708317e-67,0.14176703012366,0.47,0.437,8.68933428363492e-63
"HLA-DRB1",8.33329497074654e-67,-0.0926255999048324,0.775,0.785,1.69049221776564e-62
"MYL6",2.02350504343031e-66,-0.0525425750867905,0.916,0.922,4.10488233110273e-62
"SLC25A5",2.67551021017183e-66,0.15649303750657,0.426,0.399,5.42754001235458e-62
"NOP10",2.75217582697096e-66,-0.124486501540896,0.494,0.527,5.5830638825933e-62
"NCF1",3.78132694268461e-66,-0.12654956289613,0.548,0.577,7.67079983593e-62
"PSMD8",6.82320293768425e-66,-0.169406280865194,0.188,0.216,1.38415494793863e-61
"QKI",7.02826379016109e-66,0.177255406982843,0.257,0.226,1.42575359247208e-61
"PPIB",9.13762914807073e-66,-0.159632141618384,0.341,0.374,1.85365944897763e-61
"ODF3B",2.45381263791467e-65,-0.188027321709464,0.222,0.253,4.97780431727369e-61
"HADHA",3.25110729686022e-65,0.215846544708257,0.25,0.222,6.59519626241065e-61
"N4BP2L2",6.30582902053546e-65,0.172345450900004,0.361,0.33,1.27920047510582e-60
"LAPTM4A",6.39206973723936e-65,-0.150507752938791,0.357,0.391,1.29669526689638e-60
"TCEA1",8.18002592573898e-65,0.231580867978024,0.195,0.168,1.65940005929541e-60
"UBL3",1.53432310207342e-64,0.305315536257395,0.103,0.083,3.11252784486613e-60
"H1-10",2.58558696561948e-64,0.238783934081115,0.229,0.203,5.24512171845568e-60
"CELF1",3.18220156957284e-64,0.225661834619955,0.192,0.165,6.45541410403546e-60
"MYCBP2",5.50885983241791e-64,0.224741533900026,0.201,0.173,1.1175273056043e-59
"HNRNPK",2.56067452021968e-63,0.130352620466332,0.519,0.49,5.19458433171765e-59
"SNRPF",2.75665002865256e-63,0.20008925754488,0.279,0.251,5.59214024812459e-59
"EIF3H",3.28660699290742e-63,0.138162832479576,0.479,0.452,6.66721094581198e-59
"PDCD4",6.60183603068856e-63,0.263407735921667,0.12,0.098,1.33924845718548e-58
"PTPRC",7.63567416846913e-63,0.0954167174781331,0.675,0.66,1.54897286181565e-58
"UPP1",8.54521874935921e-63,-0.205589544083628,0.213,0.242,1.73348307549501e-58
"ANAPC16",1.34693277200321e-62,0.19365161590807,0.286,0.257,2.73238782128571e-58
"JMJD1C",1.46097357050736e-62,0.178210170775657,0.254,0.224,2.96373098513123e-58
"CXCL8",2.22160722965013e-62,0.14499099927728,0.405,0.37,4.50675242606825e-58
"KHDRBS1",2.67405773300219e-62,0.216561104621284,0.229,0.201,5.42459351716825e-58
"RNF44",3.50405902825981e-62,0.290482482017485,0.102,0.082,7.10833414472785e-58
"LAMTOR4",4.50636056792513e-62,0.096294244464914,0.744,0.725,9.14160304809292e-58
"G3BP2",1.04602391751912e-61,0.261097146303727,0.137,0.114,2.12196411907929e-57
"LPGAT1",1.69265019336769e-61,0.258171610603939,0.126,0.104,3.4337101822657e-57
"FNBP1",1.83839604013967e-61,0.204699370161586,0.229,0.2,3.72937020702733e-57
"STRAP",1.93154696453944e-61,0.291936535772288,0.14,0.117,3.91833617226472e-57
"PSMB10",2.4182281881007e-61,0.172293125532505,0.246,0.216,4.90561770238107e-57
"ELOVL5",4.56610258751543e-61,0.266499125537021,0.141,0.118,9.2627957090338e-57
"MYADM",4.87113176564027e-61,-0.219735822185238,0.228,0.253,9.88157789977785e-57
"IRAK3",5.20625371978342e-61,0.163328120603579,0.243,0.214,1.05614062959526e-56
"YWHAZ",6.43593551290547e-61,0.119131225552822,0.543,0.518,1.305593878148e-56
"LILRA2",3.58414580958801e-60,-0.216099142452004,0.142,0.167,7.27079818933025e-56
"RAB3D",4.15491707264441e-60,0.272086220205766,0.124,0.102,8.42866477356645e-56
"PEBP1",4.57094318593067e-60,0.310599661867518,0.118,0.097,9.27261534697896e-56
"PFN1",4.62847959162356e-60,0.0710316779209617,0.933,0.924,9.38933369956755e-56
"NIN",9.26350328765041e-60,0.228351592982919,0.151,0.127,1.87919427693276e-55
"HP1BP3",9.460404752764e-60,0.194451893247061,0.222,0.194,1.9191377081457e-55
"COX4I1",1.21099846179626e-59,0.0732288367976119,0.891,0.881,2.45663147959989e-55
"DAD1",1.27236654058509e-59,-0.125769509031268,0.261,0.291,2.58112276423091e-55
"TM9SF3",1.7174983035318e-59,0.252862076263766,0.127,0.105,3.48411705854462e-55
"SHOC2",1.72910495556432e-59,0.184911691065705,0.252,0.222,3.50766231285778e-55
"COX7A2L",2.31482416250949e-59,0.169777062348355,0.347,0.32,4.69585229606676e-55
"DENND10",2.42606270114251e-59,0.207308368044741,0.228,0.201,4.9215107955377e-55
"SRSF7",2.54736829908394e-59,0.190006186981272,0.283,0.256,5.16759133152167e-55
"NAAA",3.50684793227477e-59,0.213479998123342,0.237,0.211,7.1139917154126e-55
"FLNA",3.51014480210686e-59,0.162485568178857,0.368,0.339,7.12067974555398e-55
"ANKRD12",7.2796849171588e-59,0.220100755158825,0.187,0.161,1.47675688229483e-54
"LIMD2",1.01706954890265e-58,0.137036549683494,0.483,0.454,2.06322728690392e-54
"SCAF11",1.02569075098356e-58,0.183156377887648,0.264,0.235,2.08071625744525e-54
"COPE",4.36342173990314e-58,-0.123701446800984,0.397,0.43,8.8516373415675e-54
"OSTC",1.05677554802604e-57,0.205482505296156,0.244,0.219,2.14377487672562e-53
"CYTH1",1.9891391483729e-57,0.217514503957043,0.146,0.123,4.03516767638927e-53
"SLC31A2",2.19674888625531e-57,-0.238749692362537,0.159,0.184,4.45632479065753e-53
"CUX1",2.32883700164795e-57,0.228992722214058,0.156,0.133,4.72427874154303e-53
"TMBIM4",2.58084444107963e-57,-0.112515759717321,0.408,0.442,5.23550103317413e-53
"TMEM258",2.62652034122548e-57,0.118192912838122,0.573,0.544,5.32815916421001e-53
"PSMB2",3.01689211928038e-57,-0.178148220711462,0.179,0.206,6.12006735317218e-53
"UQCRFS1",3.7054315110743e-57,-0.121970283655925,0.272,0.302,7.51683836336532e-53
"STX11",4.64640666883497e-57,-0.184943704421534,0.216,0.245,9.42570056839861e-53
"S100A12",4.80801064042796e-57,-0.0808434557448132,0.829,0.817,9.75353038517216e-53
"APBB1IP",4.87385784660047e-57,-0.260684361943826,0.139,0.162,9.8871080276137e-53
"ENTPD1",5.28785703666636e-57,0.176580271138778,0.217,0.19,1.07269467845814e-52
"HELZ",8.29178630716755e-57,0.232606738521323,0.133,0.111,1.68207177027201e-52
"FAM107B",1.09751043121618e-56,0.273142543539287,0.104,0.085,2.22640966076514e-52
"ANXA5",1.254396010361e-56,-0.123233794511648,0.477,0.502,2.54466774661833e-52
"SRSF9",1.39733917143591e-56,0.19497049269633,0.268,0.242,2.83464224317489e-52
"SSH2",2.07744466027369e-56,0.218707725302364,0.169,0.145,4.2143042378312e-52
"WDR45B",1.19422043467972e-55,0.287302439370455,0.106,0.087,2.42259557379127e-51
"YBX3",1.67105828969528e-55,0.173570927350697,0.319,0.291,3.38990884647584e-51
"NDUFS7",2.05147708837106e-55,-0.116021632495356,0.321,0.352,4.16162642146954e-51
"UFM1",2.11772654424065e-55,0.207849595722187,0.169,0.145,4.29602006764659e-51
"CNOT1",2.63144800531252e-55,0.256677120457692,0.135,0.113,5.33815542357698e-51
"FXR1",3.21013241779313e-55,0.256656462033918,0.134,0.112,6.51207462273515e-51
"ACTR2",3.31254590971669e-55,0.125617047742894,0.481,0.454,6.71983063245127e-51
"CALM3",6.25111221335343e-55,-0.154468795488691,0.303,0.334,1.26810062360088e-50
"CYLD",7.656375184379e-55,0.227545727888733,0.135,0.114,1.55317226990312e-50
"ELF1",8.00812336521501e-55,0.164425176275909,0.322,0.292,1.62452790586752e-50
"BAZ2B",9.97053702312368e-55,0.230498858275324,0.139,0.117,2.02262314051087e-50
"SLC25A3",1.04058280563662e-54,0.147587072075959,0.396,0.368,2.11092627951445e-50
"ATP6V0D1",1.08451559962063e-54,-0.149557685553189,0.272,0.302,2.20004834539042e-50
"EIF6",1.46166929365174e-54,-0.16568548942934,0.215,0.243,2.96514232910193e-50
"RNF114",2.87293649740504e-54,-0.167622821316065,0.123,0.144,5.82803897863587e-50
"CD33",7.840824781161e-54,-0.223418846617757,0.135,0.159,1.59058971510632e-49
"IDH3G",1.83182318820211e-53,-0.167752754664676,0.172,0.197,3.7160365195868e-49
"BACH1",2.36336411387486e-53,0.180133773037137,0.22,0.193,4.79432044140653e-49
"FTH1",2.72353272854424e-53,-0.0714335882330275,0.999,0.999,5.52495849312484e-49
"PSMA3",4.2271789373952e-53,-0.214237898489393,0.128,0.15,8.5752551923999e-49
"ATP5MC2",5.02962855894265e-53,0.0743867346031664,0.836,0.826,1.02031044946711e-48
"KMT2E",6.44173909131749e-53,0.193151222067394,0.236,0.21,1.30677119206467e-48
"CDC42SE1",7.4025175503949e-53,0.182907336441581,0.224,0.198,1.50167471027311e-48
"PSAP",1.03053145014148e-52,-0.0660312111421177,0.904,0.911,2.090536099757e-48
"MDH1",5.04575862373699e-52,-0.212537123494615,0.102,0.121,1.02358259441128e-47
"NSRP1",6.61233733750877e-52,0.280382318120513,0.117,0.097,1.34137875228703e-47
"DSTN",8.19309367769397e-52,0.238402922410406,0.153,0.131,1.662050983457e-47
"PSMA5",1.03227571127208e-51,-0.200764612120325,0.148,0.172,2.09407450788654e-47
"RBM39",1.19362198635131e-51,0.119431376513492,0.491,0.464,2.42138156151226e-47
"EIF3J",1.77713662898994e-51,0.219083900344037,0.173,0.149,3.60509936556899e-47
"JARID2",2.81218082221566e-51,0.216593729224581,0.168,0.145,5.70479001594668e-47
"CCDC69",3.59469369617359e-51,0.210424350786471,0.197,0.172,7.29219563205773e-47
"DDX18",3.60968519099848e-51,0.204545723284234,0.205,0.18,7.32260737845951e-47
"HSPA5",5.61811409507516e-51,0.196302027216178,0.236,0.212,1.13969062532695e-46
"TXNDC17",6.59402312535029e-51,-0.144295499881808,0.193,0.218,1.33766353120856e-46
"ECH1",8.04824387053087e-51,-0.118465923788024,0.158,0.179,1.63266675157589e-46
"SEPTIN2",1.16370770851995e-50,0.208183988852271,0.167,0.144,2.36069745750358e-46
"DHRS7",1.41869184373763e-50,-0.157432605246396,0.157,0.179,2.87795827420616e-46
"PNISR",1.56155510785525e-50,0.147741115563884,0.362,0.334,3.16777069179517e-46
"RBM5",2.13966333713887e-50,0.231671175317953,0.116,0.097,4.34052104571992e-46
"UQCC5",2.63903481302317e-50,0.261177745198867,0.118,0.098,5.35354602169881e-46
"REX1BD",3.14351214834895e-50,0.18137610042669,0.27,0.245,6.37692874414068e-46
"RILPL2",3.1554402410817e-50,-0.168945715235658,0.278,0.304,6.40112607305833e-46
"SIVA1",5.51215502820576e-50,0.220263813764744,0.196,0.173,1.11819576902182e-45
"RBM26",5.74385885033669e-50,0.245435286709227,0.103,0.085,1.1651992063793e-45
"ADPGK",5.9892287664941e-50,0.235302679970677,0.156,0.134,1.21497494757099e-45
"HNRNPA0",6.79582688985924e-50,0.180899732693674,0.262,0.238,1.37860144287685e-45
"TNFRSF1B",7.99044844302743e-50,0.151427922216353,0.349,0.321,1.62094237115254e-45
"YTHDC1",1.08843730910742e-49,0.194319940684155,0.15,0.128,2.2080039252553e-45
"NUMB",1.44865979485847e-49,0.163066623662966,0.246,0.22,2.93875125984989e-45
"EMB",1.60100388046164e-49,0.187334867876928,0.193,0.169,3.24779647190449e-45
"THUMPD1",1.6273999895808e-49,0.297009694974674,0.086,0.07,3.3013436188636e-45
"ARF1",2.02256696662862e-49,-0.143844664445796,0.3,0.329,4.10297934850282e-45
"PSMB1",2.13431603505406e-49,-0.103977583562525,0.371,0.402,4.32967350871066e-45
"EMC3",4.21246631878206e-49,-0.210498229572675,0.105,0.125,8.54540917428129e-45
"UBE2D1",4.41287915968551e-49,-0.172200297031941,0.251,0.279,8.95196666333804e-45
"GIMAP2",6.23312445504259e-49,-0.243895248768946,0.119,0.14,1.26445162694994e-44
"CMPK1",6.49918731092875e-49,0.201187735346202,0.171,0.148,1.31842513789501e-44
"LYST",1.06218962625658e-48,0.152500107379573,0.354,0.326,2.15475787582409e-44
"ARHGAP4",1.08462509830288e-48,0.225952036771317,0.141,0.12,2.20027047441723e-44
"JPT1",1.92289776969447e-48,-0.169083377115535,0.2,0.225,3.90079041560221e-44
"DMXL2",2.46738355664069e-48,0.161113568154552,0.243,0.217,5.0053342830013e-44
"PPP4C",3.15768898921419e-48,-0.111094860103359,0.254,0.28,6.40568788351991e-44
"MORF4L1",3.4058017542712e-48,0.117352235831981,0.464,0.437,6.90900943871457e-44
"SDHD",5.33084128089833e-48,-0.191227855674197,0.127,0.148,1.08141446224304e-43
"CD99-ENSG00000002586",6.65581804147023e-48,-0.150058532932868,0.333,0.356,1.35019924789265e-43
"TRAPPC1",6.97567550544182e-48,-0.118559083861061,0.382,0.411,1.41508553303393e-43
"DHX15",1.27979613350901e-47,0.298166410385462,0.08,0.064,2.59619443643637e-43
"CTSH",1.97911385631818e-47,-0.138855931541862,0.316,0.345,4.01483036892706e-43
"HNRNPAB",2.32093512449073e-47,0.265312183335346,0.112,0.093,4.70824899354189e-43
"PRMT2",5.94413286172124e-47,0.222585274016353,0.156,0.134,1.20582679232877e-42
"TMEM87A",6.08701471498859e-47,0.30388081589705,0.083,0.067,1.23481180508259e-42
"BAZ1A",8.29783591482046e-47,-0.194432335986573,0.171,0.195,1.68329899368048e-42
"ATP5MG",8.70039978987816e-47,0.0746263752053826,0.894,0.883,1.76496310137468e-42
"PSMD4",1.42960836256805e-46,-0.11562129204386,0.201,0.224,2.90010352430554e-42
"FBXL5",1.65143301434572e-46,0.135058884825727,0.314,0.286,3.35009701290173e-42
"DNAJB14",2.20650770875896e-46,0.259782734213036,0.112,0.093,4.47612153798843e-42
"TNFAIP2",3.58137296220275e-46,0.159127534885411,0.296,0.27,7.26517319112449e-42
"PAPOLA",5.01353218223783e-46,0.156813883373246,0.315,0.289,1.01704513848877e-41
"AP2S1",5.88425124192333e-46,-0.0820564921636384,0.577,0.604,1.19367920693657e-41
"SON",7.50911535632055e-46,0.123863267023555,0.415,0.388,1.52329914118319e-41
"MZT2B",9.6805920969147e-46,0.169605843319007,0.275,0.251,1.96380491278012e-41
"SNX6",1.39264995629213e-45,-0.194039268582306,0.18,0.204,2.82512970133421e-41
"PICALM",1.4683397165673e-45,0.177427652880716,0.211,0.187,2.97867394902843e-41
"ROMO1",1.52193956733606e-45,0.148459232383172,0.291,0.264,3.08740660629794e-41
"AIMP1",2.13466171611946e-45,-0.145840616393964,0.201,0.226,4.33037475731994e-41
"RIPOR2",2.17759105998186e-45,-0.176642246201452,0.263,0.282,4.4174612242792e-41
"GRK3",2.7189270102656e-45,0.209164109457888,0.102,0.086,5.51561533302479e-41
"TGFBR2",5.20428624842262e-45,0.223566670994222,0.1,0.084,1.05574150835501e-40
"ATOX1",5.2670564961191e-45,-0.145557384848168,0.313,0.34,1.06847508080272e-40
"NDUFS3",6.63391908241434e-45,-0.154430706542448,0.124,0.143,1.34575682505857e-40
"TMEM179B",8.16201317229673e-45,-0.135487199573323,0.149,0.169,1.65574599213211e-40
"IL2RG",8.53439787711642e-45,0.174584323762478,0.11,0.093,1.73128795335184e-40
"HOOK3",1.03430994256521e-44,0.219458746029826,0.145,0.125,2.09820114948778e-40
"NUCB1",1.2585428216621e-44,-0.213667148422331,0.131,0.152,2.55307996802374e-40
"TIMM13",1.74381704638609e-44,0.173362895041489,0.27,0.25,3.53750726029881e-40
"EIF3D",2.1423104328318e-44,0.179624652423351,0.238,0.215,4.3458909440426e-40
"NDUFB4",3.04012751092969e-44,-0.121468963112856,0.291,0.319,6.16720266867197e-40
"AGTRAP",3.09590674518431e-44,-0.114934325534122,0.339,0.367,6.28035642328088e-40
"PRDX5",3.35572315826392e-44,-0.114165920604437,0.384,0.413,6.80741999885418e-40
"PLXDC2",4.07822115933951e-44,0.181906733370462,0.192,0.17,8.27307944383613e-40
"CTDSP1",4.59049039311717e-44,0.207059567412746,0.157,0.136,9.3122688114775e-40
"ATP5PF",5.58468527092858e-44,-0.0924049893810506,0.35,0.378,1.13290925406057e-39
"KLF13",7.27549462757206e-44,0.211264750826319,0.144,0.124,1.47590684014927e-39
"DICER1",1.30782390864167e-43,0.163554676537687,0.143,0.124,2.65305158107048e-39
"PYM1",1.33295654430625e-43,0.289427519103642,0.104,0.088,2.70403564577966e-39
"TSPO",1.48086950578342e-43,-0.0484479619756679,0.854,0.863,3.00409187943225e-39
"HSP90B1",1.54356303949339e-43,0.14059981798943,0.342,0.316,3.1312719819163e-39
"NCF2",1.5456242328366e-43,-0.122858402105541,0.372,0.398,3.13545331873232e-39
"ARHGAP45",1.90648996872752e-43,0.213073929981362,0.153,0.132,3.86750555056064e-39
"ARHGDIB",2.13659325601618e-43,-0.0611791756954316,0.691,0.699,4.33429307915442e-39
"EZR",2.66256354998638e-43,-0.215456360852901,0.156,0.177,5.40127641750237e-39
"PSMB7",3.16856466572558e-43,-0.129968518592292,0.226,0.251,6.42775028089091e-39
"VMP1",3.32336719446097e-43,0.141659354045587,0.348,0.322,6.74178269068353e-39
"SQSTM1",3.98993476251457e-43,0.173547452160226,0.234,0.21,8.09398165923705e-39
"MORF4L2",5.38493850657634e-43,0.219199823422044,0.13,0.111,1.09238862544408e-38
"ERBIN",5.73960515224923e-43,0.159112314961529,0.149,0.13,1.16433630118528e-38
"OST4",6.61896695648429e-43,0.0847847533716548,0.701,0.683,1.3427236367924e-38
"STARD7",7.4470644095685e-43,0.234197377025472,0.119,0.101,1.51071148612507e-38
"HNRNPA3",8.10811006940786e-43,0.123467984292552,0.431,0.407,1.64481120868008e-38
"MSRB1",1.04772335420408e-42,-0.185901446313281,0.18,0.203,2.12541159633839e-38
"SSR1",1.27865085501218e-42,0.157721259632505,0.256,0.231,2.5938711244777e-38
"SETX",1.39233820185593e-42,0.18373634378616,0.156,0.136,2.82449727628494e-38
"WBP11",1.45310791619635e-42,0.227006346231072,0.125,0.106,2.94777471879592e-38
"SLC43A2",1.9097477923044e-42,0.214438167403357,0.174,0.155,3.8741143714687e-38
"CFL1",2.63808073163098e-42,-0.0485667243892509,0.857,0.861,5.35161057218661e-38
"DCTN3",2.6503881744176e-42,-0.149307118392295,0.177,0.199,5.37657745062355e-38
"UTRN",3.19376827938791e-42,0.179751940828174,0.185,0.163,6.47887833156631e-38
"MIR142HG",5.34454614733627e-42,0.170670654962629,0.236,0.212,1.08419463144863e-37
"HOTAIRM1",8.05109326235603e-42,0.202954607996083,0.2,0.179,1.63324477920154e-37
"C22orf39",9.31108823598335e-42,0.287000253506673,0.103,0.087,1.88884735955158e-37
"CNOT7",1.09149768589051e-41,0.221261278062097,0.135,0.115,2.21421220559749e-37
"RAN",1.26941887547711e-41,-0.141117617600002,0.267,0.293,2.57514313079287e-37
"GPX1",1.2885393684248e-41,-0.0556261336575954,0.9,0.901,2.61393096278656e-37
"PILRA",1.35471558458619e-41,-0.140186674040127,0.248,0.273,2.74817603489155e-37
"UHMK1",1.61790355386595e-41,0.216395734343999,0.096,0.081,3.28207914937246e-37
"SDHC",1.89406810293097e-41,-0.110617679664092,0.131,0.147,3.84230655360576e-37
"CAPN2",2.6536116142136e-41,-0.1770908822294,0.191,0.214,5.38311652059371e-37
"ATP5F1B",3.01264114737369e-41,-0.125268939930964,0.306,0.333,6.11144383156226e-37
"SERINC1",3.45142049202159e-41,0.189629957398752,0.14,0.121,7.001551610115e-37
"PPP4R3A",3.51052561917321e-41,0.268636149117323,0.115,0.098,7.12145227105478e-37
"EIF2A",4.01092088480044e-41,0.201358523397831,0.168,0.148,8.13655410690618e-37
"ARPC2",4.9943513005937e-41,-0.0577700373647563,0.722,0.736,1.01315410483844e-36
"HMOX1",5.51510129342255e-41,-0.200350616252121,0.13,0.15,1.1187934483837e-36
"ARL6IP5",5.66321130221368e-41,-0.116572631272127,0.395,0.422,1.14883904476707e-36
"PLEC",5.81969061917489e-41,0.187889080750568,0.142,0.123,1.18058243900582e-36
"SAP18",6.34869254160031e-41,-0.103779278902486,0.396,0.424,1.28789576898904e-36
"TSEN34",1.38705240608056e-40,-0.154851755340067,0.109,0.126,2.81377451097502e-36
"LNPEP",3.30390407885144e-40,0.200135084840361,0.102,0.086,6.70229981435803e-36
"ANAPC15",4.0103748005085e-40,0.227479850962106,0.145,0.126,8.13544632031153e-36
"ARL6IP4",4.60297385156604e-40,0.108084804836366,0.489,0.467,9.33759275528686e-36
"ATP6V1B2",4.7908327984169e-40,0.16096065905212,0.189,0.168,9.71868341486852e-36
"FERMT3",5.0355662245279e-40,-0.171308987684708,0.179,0.201,1.02151496430773e-35
"NDUFAF3",5.96784772457686e-40,-0.160281843194781,0.136,0.155,1.21063758940766e-35
"RAB4A",6.79872955181867e-40,0.276199552160544,0.104,0.088,1.37919027688193e-35
"AMD1",9.76706187075935e-40,0.178946646522716,0.146,0.127,1.98134617110224e-35
"CLEC2B",1.48336764140711e-39,-0.0812665323429744,0.258,0.281,3.00915959735846e-35
"RGS19",1.585959144064e-39,-0.156043586767337,0.178,0.2,3.21727671964823e-35
"IFI30",1.97443643178159e-39,0.164448322091378,0.294,0.272,4.00534174551212e-35
"CIAO2B",2.6902083805263e-39,-0.111053563321196,0.209,0.231,5.45735672073565e-35
"RB1",2.73444818169072e-39,0.174263908928426,0.124,0.107,5.54710158137779e-35
"UQCRC1",4.66300493683844e-39,-0.10269409142323,0.206,0.227,9.45937181487046e-35
"EVI2A",7.63315080798112e-39,0.12011301409405,0.411,0.388,1.54846097290705e-34
"MCTS1",8.27675130294243e-39,-0.180236353642611,0.118,0.136,1.6790217693149e-34
"WTAP",9.54212075521601e-39,0.189753709559726,0.182,0.161,1.93571461640312e-34
"PNN",9.8193828090826e-39,0.174115493774963,0.195,0.174,1.9919599966505e-34
"NDUFV2",1.02517802456099e-38,-0.153926840156135,0.169,0.19,2.07967614062442e-34
"SRSF11",1.10525632673268e-38,0.155319520941736,0.253,0.23,2.24212298440992e-34
"SPCS2",1.13829916728309e-38,-0.107969069466792,0.233,0.256,2.30915369075048e-34
"ARHGEF1",1.16108985076104e-38,0.232721526494195,0.124,0.106,2.35538687125384e-34
"TMX4",1.37118018572309e-38,0.231803193335069,0.118,0.101,2.78157612475787e-34
"C4orf48",1.71321176705012e-38,0.106327728132542,0.491,0.469,3.47542139063788e-34
"FOXN3",2.12440708490294e-38,0.196605403010017,0.143,0.125,4.3095722124341e-34
"NDUFA3",2.19024752946299e-38,0.0980951455945023,0.469,0.442,4.44313613826862e-34
"RANBP1",2.26021517891662e-38,0.181640055685251,0.202,0.182,4.58507251195026e-34
"LIPA",4.98416660550488e-38,0.213542206222808,0.158,0.139,1.01108803759272e-33
"PFDN2",5.64311944237271e-38,-0.0835161004946888,0.19,0.209,1.14476321007973e-33
"UXT",6.12384353851362e-38,0.126352289214242,0.379,0.356,1.24228290022287e-33
"CCT6A",6.61437080533396e-38,0.193069752461121,0.16,0.141,1.34179126157005e-33
"TREM1",9.57802195829695e-38,0.166503658235739,0.221,0.199,1.94299753446012e-33
"TOB1",1.03312509813755e-37,-0.215070470303527,0.122,0.14,2.09579757408183e-33
"PSMD13",1.51767284283089e-37,-0.132889452644367,0.118,0.134,3.07875112896675e-33
"SERBP1",2.3704999078397e-37,0.138107832831864,0.319,0.296,4.80879611304361e-33
"SUB1",2.8806552552677e-37,-0.0757176759934755,0.622,0.642,5.84369725083605e-33
"TMPO",3.08543746350354e-37,0.186365791211767,0.15,0.131,6.25911843846328e-33
"SRP14",4.17644552408371e-37,-0.0627421984142469,0.673,0.69,8.47233739015621e-33
"COMMD9",4.22117354577705e-37,-0.168313774802323,0.118,0.136,8.56307265496332e-33
"EWSR1",4.28783982886641e-37,0.19539244505112,0.161,0.142,8.6983118768384e-33
"NUDT16",5.07133939678332e-37,-0.199206945169565,0.144,0.164,1.02877191003146e-32
"MAPK1",5.20302638890265e-37,0.172818386112265,0.17,0.15,1.05548593325279e-32
"CSGALNACT2",1.17353003677717e-36,0.158037065715444,0.182,0.162,2.38062303260617e-32
"PLEKHB2",1.19076326839782e-36,0.179551941868224,0.145,0.127,2.41558236627183e-32
"UBL5",1.28060249205066e-36,0.0841607516470364,0.622,0.6,2.59783021537398e-32
"COPZ1",1.36879247502654e-36,-0.17751325603314,0.128,0.146,2.77673241483883e-32
"CHCHD2",1.56279809584088e-36,-0.0709811823124578,0.61,0.629,3.17029221722281e-32
"SPINT2",2.26999853780092e-36,0.238980271749765,0.126,0.11,4.60491903378295e-32
"HNRNPM",2.55372492590505e-36,0.146072625398051,0.273,0.25,5.18048638469099e-32
"LCP1",3.0828365089726e-36,0.064099148027911,0.641,0.635,6.25384214210183e-32
"JTB",3.9830373773482e-36,0.129431620860142,0.371,0.35,8.07998962368856e-32
"IDS",5.28601084799357e-36,0.149585341539429,0.202,0.181,1.07232016062398e-31
"NAIP",5.5651026799499e-36,0.140820264730113,0.188,0.168,1.12893672965464e-31
"RAB5IF",6.9979263414163e-36,-0.102672193844895,0.293,0.317,1.41959933761971e-31
"HSPA9",8.32331082015486e-36,0.220877503177032,0.117,0.101,1.68846683297662e-31
"LAMTOR5",1.21836122995551e-35,-0.0883389791126232,0.33,0.355,2.47156759108775e-31
"RSRC1",1.41011221821036e-35,0.250789616630337,0.09,0.076,2.86055364586153e-31
"NFE2L2",1.42626530013865e-35,0.233434588307983,0.133,0.117,2.89332178786127e-31
"ATP6V1E1",1.61833304707577e-35,-0.186774161675144,0.121,0.139,3.28295041929792e-31
"EAF1",1.94336226022194e-35,0.193745909951357,0.093,0.079,3.94230468108622e-31
"HMGN3",2.06226042341657e-35,0.135212586314675,0.321,0.298,4.18350149494286e-31
"TKT",2.41764599845315e-35,0.0739615988422146,0.681,0.67,4.90443667246206e-31
"KDM7A",2.8802715236393e-35,0.187972653217626,0.107,0.092,5.84291881285468e-31
"ANP32E",2.95562309411752e-35,0.223693342789835,0.103,0.088,5.9957770087268e-31
"SERPINB1",2.9556598653065e-35,-0.102007762814208,0.456,0.479,5.99585160276077e-31
"SLC16A3",3.6287000120788e-35,-0.162523472841158,0.13,0.148,7.36118084450305e-31
"MGST1",4.05492243080601e-35,-0.120414467561395,0.305,0.328,8.22581564313306e-31
"PRNP",4.46582920452505e-35,0.179605065524736,0.156,0.137,9.05938112429951e-31
"ZNF207",5.66755919037311e-35,0.134321249192435,0.243,0.22,1.14972105735909e-30
"FOSL2",8.37442108575406e-35,0.190679448944685,0.209,0.192,1.69883506145607e-30
"WAPL",9.55606231388435e-35,0.215034617355921,0.104,0.089,1.93854280099458e-30
"ZBTB7A",1.3270767247533e-34,0.191783060450915,0.129,0.112,2.69210784383454e-30
"VIM",2.16316926228085e-34,-0.0563697345432619,0.906,0.903,4.38820516546294e-30
"TTC17",3.13938058276614e-34,0.213354779090563,0.089,0.076,6.36854745019938e-30
"ARHGEF6",3.21833013648854e-34,0.197129087982661,0.097,0.083,6.52870451488066e-30
"LBR",4.27256979585431e-34,0.166033565168709,0.17,0.151,8.66733508787005e-30
"LSM5",4.34311119737462e-34,0.160769934283537,0.227,0.206,8.81043537499416e-30
"CAPZB",6.99046364408988e-34,-0.100681070501176,0.391,0.415,1.41808545484007e-29
"COX6A1",7.6011323896413e-34,-0.0799098498746544,0.497,0.521,1.54196571656263e-29
"RSRC2",9.79824876364072e-34,0.131926206577599,0.2,0.18,1.98767274419216e-29
"SNRPB2",1.03456829625342e-33,-0.117336842306308,0.288,0.311,2.09872524577969e-29
"SAMHD1",1.36426401757023e-33,0.10206573962252,0.449,0.43,2.76754598604297e-29
"COX17",1.3924530728889e-33,0.136339303035011,0.26,0.237,2.82473030366243e-29
"CYRIA",1.72445656279518e-33,0.184515566462083,0.167,0.149,3.4982325832863e-29
"THUMPD3-AS1",1.74117150480801e-33,0.22609325900167,0.12,0.104,3.53214051465354e-29
"LMO2",1.8001587601871e-33,-0.209532097178866,0.103,0.119,3.65180206091555e-29
"GRK2",2.23028673661471e-33,0.176276617119527,0.191,0.172,4.5243596738966e-29
"ITGAM",2.23262720771936e-33,0.143913401497472,0.182,0.163,4.52910755357949e-29
"UBE2J1",3.06551149290548e-33,-0.185292771758126,0.151,0.17,6.21869661450807e-29
"EHBP1L1",3.10407630476449e-33,0.167449826055487,0.158,0.14,6.29692919184524e-29
"PREX1",4.0030720570963e-33,0.19197559597506,0.121,0.105,8.12063197502555e-29
"RBPJ",4.41098917670746e-33,0.157823144132106,0.21,0.19,8.94813264386875e-29
"PDIA4",4.63576877854653e-33,0.239699956217017,0.093,0.078,9.40412054415948e-29
"PTEN",4.70386504210081e-33,0.122104213537222,0.18,0.162,9.54226062440571e-29
"MIS18BP1",8.05376666740899e-33,-0.171363033019175,0.197,0.216,1.63378710615059e-28
"BOD1L1",9.72087915792983e-33,0.162368712675035,0.129,0.113,1.97197754597765e-28
"KYNU",1.16742244202581e-32,-0.137566546091248,0.114,0.129,2.36823316589356e-28
"ATG16L2",1.7774101067708e-32,0.207508129293109,0.146,0.131,3.60565414259524e-28
"ADA2",1.77764709945779e-32,-0.148695587499184,0.269,0.289,3.60613490596008e-28
"RBBP6",1.97726259901266e-32,0.178779506032616,0.135,0.119,4.01107490835708e-28
"GPBP1",2.32225692887154e-32,0.143428641658993,0.202,0.182,4.7109304059088e-28
"FIBP",2.4379900626297e-32,-0.138635561131821,0.136,0.153,4.94570664105062e-28
"ATP6V1F",2.54981042178839e-32,-0.0739702260539685,0.499,0.523,5.17254542163993e-28
"DPEP2",3.96035911110708e-32,0.240023459659228,0.111,0.097,8.03398449279182e-28
"PPP1R7",4.48752164637507e-32,-0.132263617122708,0.114,0.129,9.10338641183647e-28
"EEF1D",5.59903870287721e-32,0.0474924800517647,0.874,0.867,1.13582099126567e-27
"MED30",6.06708723319361e-32,0.250999241124457,0.095,0.081,1.23076931612566e-27
"HEBP1",6.13067637174201e-32,-0.184878940957565,0.099,0.114,1.24366900877158e-27
"CSNK2B",9.09186548506203e-32,-0.089343863318054,0.258,0.28,1.84437583229968e-27
"RAB2A",9.15398457916666e-32,-0.121847983163928,0.205,0.226,1.85697731172975e-27
"PRPF6",9.19460001569134e-32,0.192476710945375,0.113,0.097,1.86521655918314e-27
"ATP5MC1",9.45527219540601e-32,0.147943279144849,0.251,0.234,1.91809651756006e-27
"BPTF",9.77151052149274e-32,0.169539277214962,0.142,0.125,1.98224862439002e-27
"NDUFS4",1.06172459015922e-31,-0.0996812845906257,0.157,0.173,2.15381450359699e-27
"NME3",1.09530231200426e-31,0.199204915937623,0.154,0.137,2.22193027013185e-27
"ANAPC5",1.52596262158773e-31,0.205103027455971,0.12,0.105,3.09556777415287e-27
"RAB10",1.63738804732914e-31,-0.186905660203807,0.161,0.178,3.32160539281189e-27
"NCF4",1.88781815764536e-31,-0.143327812137866,0.139,0.156,3.82962791459939e-27
"LPP",2.05536266318586e-31,0.205219524900744,0.108,0.093,4.16950869853884e-27
"CEBPD",2.15588620835728e-31,0.0844842066300262,0.509,0.486,4.37343076227357e-27
"RAB21",2.16302474614374e-31,0.182859059616369,0.094,0.081,4.38791200002719e-27
"EFHD2",2.1707638506531e-31,0.114021190924629,0.363,0.341,4.40361154743488e-27
"PRDX6",2.25645802005184e-31,-0.109237537648018,0.253,0.274,4.57745073947716e-27
"DOCK2",2.97536946312732e-31,0.152095903063586,0.186,0.167,6.03583449290009e-27
"BRD4",4.28086438489684e-31,0.157762724593375,0.124,0.109,8.68416149120174e-27
"IAH1",4.57945034486151e-31,-0.151473939519764,0.1,0.114,9.28987296958605e-27
"ALDH2",4.97284672623726e-31,-0.133117131807505,0.232,0.253,1.00879168688449e-26
"ZC3H11A",5.19726058187618e-31,0.199969711390951,0.112,0.097,1.0543162816394e-26
"ZFP36",5.59153034815192e-31,-0.0388278396855162,0.699,0.698,1.1342978464261e-26
"DNAJC8",6.93028480599914e-31,-0.149347367067417,0.198,0.219,1.40587757574498e-26
"CMIP",7.76949908568032e-31,0.139922496688126,0.177,0.159,1.57612058452111e-26
"LEPROTL1",9.43927189005194e-31,-0.137509512441543,0.222,0.242,1.91485069561594e-26
"COPS6",1.57405559250172e-30,-0.0924438743169089,0.134,0.148,3.193129174949e-26
"SRSF2",1.68545163593505e-30,0.128822533323907,0.284,0.263,3.41910718865785e-26
"GCA",2.13814103441883e-30,-0.12340015156948,0.341,0.359,4.33743290242204e-26
"NARS1",3.44888158281465e-30,0.146888785201381,0.155,0.138,6.99640117889779e-26
"KPNB1",3.63230452920064e-30,0.17556871542181,0.136,0.12,7.36849296793642e-26
"TMEM154",4.14811751159203e-30,0.134909059439909,0.166,0.149,8.41487118401558e-26
"BHLHE40",4.55435707365758e-30,-0.219635312012065,0.087,0.102,9.23896875962177e-26
"SMIM26",6.08409044176439e-30,-0.0851920292757713,0.295,0.317,1.23421858701632e-25
"PAXX",6.57544352183667e-30,0.173234128980077,0.189,0.171,1.33389447283979e-25
"SOCS3",7.42212128761739e-30,-0.0735219355773485,0.162,0.178,1.50565152440606e-25
"HLA-DRA",8.36469126771742e-30,-0.0475695309639663,0.917,0.908,1.69686127056916e-25
"APRT",8.62193560016799e-30,0.0937989752970401,0.482,0.467,1.74904585585008e-25
"CCDC12",9.03997126867303e-30,0.172044395190921,0.18,0.164,1.83384857156301e-25
"TRIP12",1.02227384943173e-29,0.138808596228348,0.122,0.108,2.0737847309572e-25
"SEC63",1.0746547476552e-29,0.209656987052426,0.114,0.099,2.18004462109333e-25
"AZIN1",1.08201980223014e-29,0.198129626189642,0.111,0.096,2.19498537080405e-25
"XRN2",1.55089312594451e-29,0.121478762382928,0.313,0.292,3.14614179529103e-25
"YWHAH",2.11071584184714e-29,-0.170246965759548,0.148,0.166,4.2817981567711e-25
"OSBPL8",2.40542809209071e-29,0.126606806030174,0.244,0.224,4.87965142761522e-25
"COX7B",2.62647924480519e-29,-0.06284018608675,0.569,0.591,5.3280757960118e-25
"POLR2J",3.22012552053132e-29,0.141491988852458,0.26,0.243,6.53234663094985e-25
"UBE2F",3.87186533038529e-29,-0.185566729069056,0.098,0.112,7.85446600921961e-25
"STX8",3.92044046675502e-29,-0.117749547756721,0.108,0.121,7.95300553085923e-25
"SNHG32",4.2804806784033e-29,0.120613503141048,0.301,0.281,8.68338310420894e-25
"CD86",4.5325970462711e-29,-0.0915008859404608,0.194,0.211,9.19482636806556e-25
"ATG3",4.78117354979826e-29,-0.127994234722922,0.232,0.253,9.69908866312074e-25
"UBA2",5.95835992281803e-29,0.221883487678314,0.082,0.07,1.20871289394286e-24
"FAAP20",7.50351002942402e-29,0.163193127130276,0.215,0.197,1.52216204456896e-24
"HIPK3",8.2960637860996e-29,0.124500954901307,0.144,0.129,1.68293949964816e-24
"STMP1",8.9226426166012e-29,0.1186985363843,0.354,0.334,1.81004728120372e-24
"ATP5F1A",1.02184690909318e-28,0.128684187315889,0.288,0.271,2.07291863978643e-24
"DDX46",1.07832830585654e-28,0.129286622048024,0.262,0.241,2.18749680126058e-24
"THEMIS2",1.09773493320857e-28,-0.120492729007007,0.222,0.242,2.22686508550691e-24
"CLK1",1.64070495738218e-28,0.105398850008202,0.222,0.203,3.32833407654548e-24
"IQGAP1",3.00890129231042e-28,0.0843976475321058,0.499,0.48,6.10385716158091e-24
"NHP2",3.11048468382575e-28,0.160801147052634,0.187,0.17,6.30992922960892e-24
"SUMO2",3.25575648371934e-28,0.0762885085341951,0.611,0.595,6.60462760287305e-24
"ATP1A1",3.60380433299677e-28,0.172235941445209,0.139,0.123,7.31067746991725e-24
"ATRX",3.74742246750966e-28,0.159659063059641,0.179,0.161,7.6020212175901e-24
"TAOK3",5.70932455781641e-28,0.144118852828118,0.193,0.175,1.15819357979864e-23
"IFRD1",5.73664826805659e-28,0.168983670999646,0.142,0.126,1.16373646765796e-23
"PPHLN1",6.6430305034521e-28,0.208892013353403,0.104,0.09,1.34760516793029e-23
"MEGF9",7.43498775894943e-28,0.0908621162698808,0.219,0.201,1.50826161678048e-23
"ADRM1",7.63992044721934e-28,-0.100641170162974,0.136,0.15,1.54983426192292e-23
"GPX4",8.52650148741376e-28,0.0777346849811766,0.62,0.604,1.72968609173675e-23
"WDR1",9.20828562229882e-28,0.155997310026939,0.197,0.18,1.86799282133954e-23
"EIF3G",1.2749530511335e-27,-0.0977867969849684,0.395,0.416,2.58636975952943e-23
"NCOA3",1.37258742774643e-27,0.17939010990518,0.094,0.081,2.7844308559264e-23
"LAT2",1.45310797778061e-27,-0.159849847877231,0.148,0.165,2.94777484372574e-23
"DNAJC3",1.95222455059142e-27,0.221593000741711,0.117,0.103,3.96028272332976e-23
"CD164",2.25165197532388e-27,-0.124644384796253,0.268,0.288,4.56770119714202e-23
"CORO1C",2.87412930753432e-27,0.175910533841879,0.135,0.12,5.83045871326413e-23
"TMEM219",2.87851106753316e-27,-0.105477023911132,0.327,0.349,5.83934755159777e-23
"PEPD",3.28817169500925e-27,-0.167338760245249,0.098,0.112,6.67038510049577e-23
"CYC1",3.89965552416399e-27,-0.0571405681230381,0.182,0.196,7.91084119631907e-23
"PSMG2",5.18650350754726e-27,-0.10677129753706,0.194,0.212,1.05213410154104e-22
"C1orf43",5.46074146210808e-27,-0.126881958886783,0.144,0.16,1.10776601300325e-22
"CSNK1A1",6.47639820486386e-27,0.131586324844546,0.241,0.222,1.31380213983868e-22
"COMT",6.58248200868991e-27,-0.100323133663308,0.211,0.229,1.33532230028283e-22
"SMCHD1",6.76996137569387e-27,-0.133037200140605,0.249,0.262,1.37335436467326e-22
"SH3KBP1",7.87651789572318e-27,0.127619003854333,0.251,0.232,1.5978304203264e-22
"DCP2",1.02440628403606e-26,0.127255914936359,0.161,0.145,2.07811058779555e-22
"C5AR1",1.04058519480945e-26,-0.141271481879802,0.235,0.252,2.11093112619045e-22
"LITAF",1.21030135414409e-26,0.155963338393278,0.229,0.212,2.4552173270167e-22
"DCXR",1.52757363749053e-26,0.19546759168562,0.135,0.123,3.09883588101329e-22
"IKZF1",1.55585786517147e-26,0.156144690806186,0.192,0.175,3.15621326528685e-22
"CD48",1.69375059332608e-26,-0.0845865250812565,0.489,0.506,3.43594245362128e-22
"CYB5R4",1.86894714015236e-26,0.177506272477866,0.143,0.128,3.79134616851308e-22
"ACSL1",2.51537958944867e-26,-0.195369914508025,0.118,0.129,5.10269903515558e-22
"PLP2",3.01094818327195e-26,-0.0929404353535044,0.346,0.368,6.10800948458547e-22
"MIER1",3.24637921376602e-26,0.162101437005402,0.125,0.111,6.58560487304574e-22
"RABAC1",3.42831328718648e-26,-0.0766315239748234,0.29,0.31,6.95467633438649e-22
"BLOC1S6",3.67382315426165e-26,0.138566221615167,0.122,0.108,7.45271765073519e-22
"UPF2",4.63960248854589e-26,0.149022066638725,0.168,0.151,9.4118976082642e-22
"TXNDC12",5.23308353469036e-26,-0.165762426658774,0.108,0.122,1.06158332584729e-21
"MDH2",6.96211495821421e-26,-0.0947693793302662,0.189,0.206,1.41233464042333e-21
"CTDNEP1",8.38350574786251e-26,0.153233739968207,0.129,0.114,1.70067797601139e-21
"HLA-DPB1",8.38807315543842e-26,-0.0342373313286459,0.625,0.615,1.70160452031224e-21
"RASSF2",8.4786229105539e-26,0.138550377963748,0.156,0.14,1.71997344363496e-21
"TGOLN2",8.50233601025807e-26,0.125118498297464,0.238,0.219,1.72478388304095e-21
"YY1",1.09105817666922e-25,0.142260288462651,0.213,0.195,2.21332061719117e-21
"ATP1B3",1.10926652226019e-25,-0.0977978955736591,0.217,0.235,2.25025806705703e-21
"TNKS2",1.1460938461452e-25,0.175079484186144,0.098,0.085,2.32496597629015e-21
"PCBP1",1.36124936523523e-25,0.0767615113553641,0.605,0.587,2.76143046231619e-21
"RTF2",1.37724413228113e-25,-0.149091145706398,0.152,0.168,2.7938774467455e-21
"RTRAF",1.6691208563288e-25,-0.0644033173569414,0.303,0.323,3.3859785691486e-21
"IL13RA1",1.7021771879613e-25,0.138493828630628,0.139,0.124,3.4530366434983e-21
"SAMSN1",2.08536364914397e-25,0.146136707409004,0.202,0.185,4.23036869865346e-21
"ACAA1",2.10426018075513e-25,-0.113840393787097,0.127,0.141,4.26870220267985e-21
"HIPK1",2.17489462639511e-25,0.106646792213045,0.096,0.086,4.41199123910512e-21
"M6PR",2.82608693339412e-25,0.142480991499628,0.197,0.181,5.73299995308331e-21
"NDUFS6",2.88736354990294e-25,-0.0887339800158913,0.35,0.372,5.85730569733311e-21
"WDR26",3.31923684031221e-25,0.128502988595834,0.131,0.117,6.73340385425735e-21
"LAMP2",3.37114762124021e-25,-0.138797462298313,0.188,0.206,6.8387100644479e-21
"ADD3",3.82282422350357e-25,0.128864443227549,0.162,0.146,7.75498121979933e-21
"TRMT1",4.47506849733691e-25,0.128314033027621,0.205,0.187,9.07812395369765e-21
"CBX3",5.78515542676629e-25,0.117202343067377,0.305,0.286,1.17357662987381e-20
"SMARCE1",6.02012666599553e-25,0.176436637009768,0.105,0.092,1.22124289546385e-20
"SNRPC",7.78119072284165e-25,-0.056684213737594,0.154,0.166,1.57849235003566e-20
"UBE2E1",8.07137713666606e-25,-0.134446119647022,0.118,0.132,1.63735956594408e-20
"PRRC2C",1.07688918526132e-24,0.11566236221844,0.265,0.246,2.18457740122112e-20
"CMC2",1.14329132912074e-24,-0.174099385635359,0.075,0.087,2.31928079025433e-20
"ABRACL",1.33889509422045e-24,0.112852435900996,0.31,0.292,2.7160825881356e-20
"GCHFR",1.45968181880592e-24,0.228359280729241,0.101,0.089,2.96111053762968e-20
"EFCAB14",1.51922667753173e-24,0.159120006581144,0.106,0.093,3.08190323804086e-20
"ATP5PO",1.61099872201658e-24,-0.0604505057573785,0.455,0.477,3.26807200748283e-20
"TWF2",1.69982564243064e-24,-0.110989403619501,0.152,0.167,3.4482662982348e-20
"COX19",1.76014727086202e-24,0.177253001672273,0.114,0.101,3.57063475367069e-20
"PTBP1",1.79232417148295e-24,0.160937825820636,0.129,0.114,3.63590881427032e-20
"CHURC1",2.01632993252017e-24,0.127250172100972,0.262,0.245,4.09032690111041e-20
"HEBP2",2.29899385189055e-24,0.131953351402975,0.201,0.183,4.66373892794517e-20
"PTP4A2",3.94073346038921e-24,0.0771837047913646,0.508,0.489,7.99417189774556e-20
"PAK2",3.99888422711125e-24,0.110862369552706,0.283,0.264,8.11213654311787e-20
"PHB1",4.16405573565066e-24,-0.0844922868082167,0.097,0.108,8.44720346534092e-20
"CTSC",4.26894070144425e-24,-0.115083303735465,0.215,0.233,8.6599731069498e-20
"GNAQ",5.47966794489448e-24,0.113068873307769,0.232,0.214,1.11160543930129e-19
"RSRP1",6.09673501343103e-24,0.118099991497238,0.261,0.243,1.23678366482462e-19
"RHOB",6.21392752558989e-24,0.0988008852484551,0.23,0.213,1.26055733784117e-19
"ZNF706",6.83507822941078e-24,-0.105770618177377,0.235,0.253,1.38656396961827e-19
"FAM200B",7.98751307133988e-24,-0.0870867684798209,0.202,0.219,1.62034690165201e-19
"APLP2",8.36084022840264e-24,-0.0778689012135634,0.535,0.552,1.69608004873376e-19
"TNFRSF1A",1.07018036064854e-23,-0.164492262025391,0.106,0.12,2.17096787961162e-19
"CLEC12A",1.3003907132823e-23,-0.0910589015520804,0.469,0.481,2.63797260096448e-19
"CD58",1.50592185203935e-23,-0.165768035352763,0.089,0.101,3.05491306904703e-19
"SELENOK",1.59201444006329e-23,-0.0601079905090341,0.234,0.25,3.2295604931124e-19
"PFDN4",1.84290965201711e-23,0.159881600435552,0.169,0.158,3.73852652008191e-19
"RHEB",2.24578528310333e-23,-0.105776440761052,0.144,0.159,4.55580002530342e-19
"ARHGAP30",2.63358085536935e-23,0.127688651105124,0.199,0.183,5.34248212320227e-19
"EMC6",2.89675165882614e-23,-0.100351490694257,0.108,0.12,5.8763504150947e-19
"ZBTB1",3.2458507464347e-23,0.219281454009868,0.082,0.071,6.58453282421743e-19
"STAG2",3.53306374981959e-23,0.129784880438238,0.156,0.141,7.16717312288402e-19
"PHPT1",4.70902858510545e-23,0.119971488749932,0.264,0.251,9.55273538774491e-19
"POU2F2",5.12486778194706e-23,0.125208665739647,0.231,0.214,1.03963067824578e-18
"BSG",5.66502806746374e-23,-0.072623200326846,0.22,0.236,1.1492075937657e-18
"LAMTOR2",6.21350028396416e-23,-0.0786669104120454,0.334,0.354,1.26047066760497e-18
"PDCD6IP",6.95672533133272e-23,0.144517237584553,0.138,0.124,1.41124130071416e-18
"CCT4",7.2237193903326e-23,0.162264751003733,0.142,0.128,1.46540371552287e-18
"NDUFB9",7.73659015873426e-23,-0.0847763720829915,0.383,0.403,1.56944467960083e-18
"SERPINB9",8.15922467032217e-23,0.163417829727233,0.099,0.087,1.65518031662155e-18
"AKIRIN2",9.60315111315207e-23,0.130812298010387,0.166,0.151,1.94809523481403e-18
"CCNDBP1",1.04154734502807e-22,-0.117427690649762,0.13,0.144,2.11288294412394e-18
"ADSS2",1.11424589546082e-22,0.153884371331183,0.124,0.11,2.26035922353182e-18
"HIKESHI",1.16957308677798e-22,-0.0630067218432419,0.113,0.123,2.37259596383781e-18
"KLF2",1.25394381716299e-22,0.101039705293363,0.328,0.309,2.54375042749685e-18
"SF3B6",1.29665680085597e-22,-0.0617372218890817,0.318,0.337,2.63039798621642e-18
"IFNGR2",1.38486254850014e-22,-0.117077690175892,0.223,0.241,2.80933216588738e-18
"IER3",1.54264886677329e-22,0.0423661747166724,0.231,0.217,3.1294174911363e-18
"PHF20L1",1.59993357871546e-22,0.165272806467542,0.129,0.115,3.24562525778219e-18
"SPAG7",1.74165387180865e-22,0.162001683857737,0.152,0.141,3.53311904435104e-18
"RAB5C",1.91558853447716e-22,-0.100048857725033,0.211,0.228,3.88596290104036e-18
"ZYX",2.02928394550946e-22,0.121946612767764,0.258,0.241,4.11660541186049e-18
"NDUFB8",2.11095196863319e-22,-0.0444889946045766,0.35,0.368,4.2822771635693e-18
"SULF2",2.31257157034798e-22,0.130239519656358,0.151,0.137,4.69128268760791e-18
"DPM3",2.34570316063273e-22,0.153890608563974,0.153,0.139,4.75849343165956e-18
"SMCO4",2.40247763341753e-22,-0.125468274675171,0.173,0.19,4.8736661271508e-18
"CDC42",2.41798071423574e-22,0.0606876791279016,0.703,0.691,4.90511567689862e-18
"HNRNPR",2.84774180456014e-22,0.136691238904243,0.19,0.175,5.77692902473069e-18
"ZFAS1",3.15850524504216e-22,0.0611425313880676,0.652,0.638,6.40734374009253e-18
"PARK7",3.16725323867656e-22,-0.0586879262896332,0.348,0.367,6.42508991997926e-18
"RHOQ",4.03022854958339e-22,0.139727730482408,0.127,0.114,8.17572163568487e-18
"SLC6A6",4.05464115174886e-22,0.182157512886857,0.1,0.088,8.22524504043773e-18
"QPCT",4.78110062473366e-22,-0.116716191756711,0.132,0.146,9.6989407273347e-18
"COA3",5.09924264175304e-22,-0.147291650022408,0.113,0.126,1.03443236230602e-17
"CAPZA2",6.19933316772006e-22,-0.0972074818416204,0.346,0.365,1.25759672640369e-17
"SNF8",6.24295578603505e-22,-0.0683272328994718,0.181,0.194,1.26644601075507e-17
"MEF2A",8.18255067690166e-22,0.126817384503366,0.136,0.123,1.65991223031627e-17
"NDUFB6",8.19696759437471e-22,-0.0737791947477203,0.136,0.147,1.66283684619485e-17
"NIPBL",8.41727329419925e-22,0.124000652026602,0.136,0.123,1.70752806046126e-17
"TMEM147",1.22925908604589e-21,-0.0461169546101076,0.195,0.208,2.49367498195269e-17
"AK6",1.27021875123918e-21,0.00531304750715433,0.148,0.155,2.5767657587638e-17
"C4orf3",1.2919521520261e-21,-0.0791318488795851,0.44,0.459,2.62085413560016e-17
"GLUD1",1.45282380069012e-21,0.161857632138,0.127,0.114,2.94719836207998e-17
"TMBIM6",1.66258807416381e-21,-0.077242720502801,0.457,0.473,3.37272616724871e-17
"CIR1",1.75499897613873e-21,-0.131076247597506,0.179,0.195,3.56019092299502e-17
"WAS",1.83757279900945e-21,-0.109335959510697,0.255,0.273,3.72770018007057e-17
"APP",1.87045810265753e-21,0.133651311777721,0.107,0.095,3.79441130705106e-17
"C9orf72-ENSG00000147894",2.18441179526419e-21,0.130322614361951,0.212,0.196,4.43129776787293e-17
"TPI1",2.31990422082983e-21,-0.0556033419638311,0.546,0.564,4.70615770237539e-17
"CHMP3",2.41254702116756e-21,0.142073680161247,0.145,0.13,4.89409288714052e-17
"COX5A",2.65148386823443e-21,-0.0562107436136177,0.367,0.386,5.37880017510037e-17
"TRAM1",3.12984295117446e-21,0.119802643393,0.251,0.234,6.34919941075252e-17
"CACUL1",3.33090823457651e-21,0.200701244555635,0.089,0.077,6.75708044466191e-17
"GTF3C6",3.82833180479766e-21,-0.0456562529224489,0.154,0.164,7.76615389921254e-17
"PRAM1",4.04744008740624e-21,0.134029422527389,0.209,0.195,8.2106369613123e-17
"PAK1",4.05997931683828e-21,-0.153669975301627,0.151,0.166,8.23607404213814e-17
"TUBA1B",4.66494817283832e-21,-0.0885040219231528,0.271,0.29,9.46331386341981e-17
"GET3",5.02317302704187e-21,-0.0865759008342221,0.107,0.117,1.01900088026571e-16
"IST1",5.46793051328553e-21,0.140307660832396,0.1,0.089,1.1092243839251e-16
"BAX",6.44821263398318e-21,-0.0712761713096268,0.321,0.34,1.30808441492983e-16
"OTUD1",7.51600808450508e-21,0.0989738758644002,0.112,0.101,1.5246974000227e-16
"TIMP2",8.26967068308404e-21,0.124810695680677,0.2,0.184,1.67758539477043e-16
"RER1",8.62372207577956e-21,-0.0749155972059038,0.153,0.166,1.74940826029264e-16
"IER5",8.92857390509602e-21,0.12930343435983,0.19,0.174,1.81125050238778e-16
"TM9SF2",9.02666288534718e-21,0.115039928795185,0.195,0.179,1.83114883292153e-16
"MFSD1",9.71279541179164e-21,0.112196991726543,0.223,0.207,1.97033767723605e-16
"AKR1A1",1.01011516191817e-20,-0.101748543125662,0.176,0.191,2.04911961746719e-16
"FGD5-AS1",1.12806789853431e-20,0.181292529754223,0.103,0.091,2.2883985389667e-16
"SNRPE",1.36258761715064e-20,0.0987242960761958,0.355,0.339,2.76414524015178e-16
"RNPS1",1.43645019559962e-20,0.146406953817059,0.165,0.151,2.9139828667934e-16
"NINJ1",1.48289214728246e-20,-0.0556114729551807,0.292,0.31,3.0081950099772e-16
"FNBP4",1.64696606282134e-20,0.138526407916174,0.116,0.104,3.34103535503937e-16
"ITSN2",1.81906079423301e-20,0.14350918260068,0.139,0.125,3.69014672718109e-16
"PA2G4",1.91210945382668e-20,0.130337219347285,0.208,0.192,3.87890523803281e-16
"LUC7L3",1.9749189851527e-20,0.102931074238273,0.214,0.198,4.00632065328076e-16
"SERP1",2.23810537628412e-20,0.0621132926567993,0.65,0.636,4.54022056632996e-16
"WNK1",2.48102714700105e-20,0.11330233350381,0.143,0.13,5.03301167040633e-16
"RAB11A",2.84637468085536e-20,-0.107266210994055,0.172,0.187,5.77415567758319e-16
"RWDD1",3.02236526970297e-20,-0.0829676192602856,0.23,0.246,6.13117018611944e-16
"BZW1",3.14188541516871e-20,0.13123906283265,0.215,0.199,6.37362875321125e-16
"ENY2",3.25897408924298e-20,-0.0721959139183774,0.384,0.404,6.61115483743831e-16
"FKBP2",3.91936783777301e-20,0.13283039158648,0.197,0.186,7.95082959570633e-16
"TOMM22",5.14915865209254e-20,0.127066856221812,0.209,0.196,1.04455832416349e-15
"MAGOH",5.3298783882303e-20,-0.0586143199239221,0.182,0.195,1.0812191298364e-15
"TMEM14B",5.64445245102935e-20,0.126576510310629,0.214,0.202,1.14503362421581e-15
"TMEM30A",5.6642939539359e-20,0.132935825517233,0.131,0.118,1.14905867149544e-15
"LSM4",6.53008773385254e-20,0.129917710486543,0.195,0.182,1.32469359768933e-15
"BANF1",7.00983315989389e-20,0.127091904248701,0.201,0.188,1.42201475481607e-15
"BUD31",8.61046218077882e-20,-0.0958296721256936,0.209,0.225,1.74671835799279e-15
"ADI1",9.06251552757007e-20,0.145480161472855,0.164,0.15,1.83842189992286e-15
"COX16",9.83574915944284e-20,0.116014833714411,0.254,0.24,1.99528007448457e-15
"POLR2E",1.04832990470492e-19,-0.0506536092687418,0.157,0.168,2.1266420446844e-15
"CSK",1.17237149906227e-19,0.119399631783444,0.195,0.18,2.37827282299773e-15
"SKP1",1.18871780183532e-19,-0.0581251745298133,0.529,0.547,2.41143293280313e-15
"PIN4",1.21934305603762e-19,-0.120471166726868,0.124,0.137,2.47355932347792e-15
"RPN1",1.58941056335248e-19,0.144104558576556,0.152,0.138,3.22427826881684e-15
"CTSB",1.86990793953667e-19,-0.0871080410581881,0.378,0.393,3.7932952461441e-15
"TMED10",2.4698658191798e-19,-0.0844647067937394,0.197,0.213,5.01036980078814e-15
"KDM5A",3.43747546252971e-19,0.152213280431444,0.099,0.088,6.97326272328776e-15
"TPR",4.2282902048766e-19,0.144140201644048,0.152,0.139,8.57750950961268e-15
"SAT2",4.78471314926005e-19,-0.0721965863720488,0.272,0.289,9.70626909458894e-15
"PRPF38B",4.90223150332342e-19,0.116983335604649,0.209,0.193,9.94466682764188e-15
"MMP24OS",5.07995910953163e-19,0.147995228684082,0.153,0.142,1.03052050495959e-14
"DYNC1H1",5.4940305606744e-19,0.179804140913691,0.092,0.081,1.11451903953841e-14
"ARID1A",5.84413579558735e-19,0.109660735527178,0.138,0.125,1.18554138749285e-14
"TGFBI",6.10754424578287e-19,0.108284243651651,0.279,0.263,1.23897642569951e-14
"TES",6.41597153490538e-19,0.0760752554679945,0.149,0.137,1.30154398557091e-14
"ADAM10",6.61638628036729e-19,0.132014119679538,0.138,0.125,1.34220012083531e-14
"SRSF3",6.69649050612679e-19,0.0762552737091788,0.457,0.44,1.35845006407288e-14
"ATRAID",7.32232363482456e-19,-0.0282423236531071,0.158,0.167,1.48540657256051e-14
"GASK1B",8.39766689128293e-19,0.0370421083811537,0.115,0.107,1.70355070556566e-14
"CAMLG",8.59415770882422e-19,0.141616957072975,0.172,0.159,1.74341083281208e-14
"NAA38",9.86699772709509e-19,0.091469394787554,0.349,0.332,2.00161915891851e-14
"FBXL15",1.01829256951158e-18,-0.0921349947504463,0.099,0.109,2.0657083065112e-14
"SRP19",1.05290914924668e-18,-0.130047554005904,0.104,0.116,2.13593150016182e-14
"PCNP",1.06508455603553e-18,0.131723264028829,0.192,0.179,2.16063053037368e-14
"DPY30",1.12593547947748e-18,-0.106572553519942,0.131,0.144,2.28407271366801e-14
"CHCHD10",1.19345739378776e-18,0.100065761948831,0.28,0.264,2.42104766903784e-14
"FMNL1",1.31601549465377e-18,0.10170650221091,0.266,0.25,2.66966903245464e-14
"ABI1",1.321811078937e-18,0.139346678941095,0.121,0.109,2.6814259547316e-14
"PTP4A1",1.7680760238085e-18,0.137313836759608,0.154,0.14,3.58671902189793e-14
"RIOK3",1.79264072446399e-18,0.108347593808801,0.198,0.183,3.63655097364765e-14
"DPYSL2",1.84511783857173e-18,0.102274023344423,0.27,0.254,3.74300604732661e-14
"AP2M1",2.12286116634332e-18,-0.0518846735278671,0.211,0.224,4.30643616204405e-14
"PSMA1",2.3968972149104e-18,-0.067567447891161,0.309,0.327,4.86234569016724e-14
"HSD17B10",2.62247229929209e-18,-0.049510792247485,0.172,0.184,5.31994730634393e-14
"SYAP1",3.07969773251122e-18,0.137567559964435,0.118,0.106,6.24747482017227e-14
"CENPX",3.20437750070504e-18,0.191338896158123,0.104,0.094,6.50040019793025e-14
"DOK2",3.22226294424439e-18,-0.101800835924746,0.212,0.227,6.53668260869416e-14
"LSM10",3.23248964007687e-18,-0.0961998852820945,0.158,0.172,6.55742848385994e-14
"PCGF5",4.2679823502976e-18,-0.106130668965508,0.124,0.136,8.65802899581371e-14
"EIF4E2",4.72523115118696e-18,-0.083694996580367,0.177,0.191,9.58560391329787e-14
"STUB1",5.07030244354384e-18,0.11202454807259,0.169,0.163,1.0285615536973e-13
"RBM17",8.13355591072608e-18,0.126376512653836,0.162,0.149,1.64997315204989e-13
"ALKBH7",8.43784145535762e-18,0.116560397378568,0.238,0.225,1.71170051763385e-13
"GTF2A2",8.77674147091803e-18,0.112889635374787,0.187,0.179,1.78044977479043e-13
"PPP2CA",9.75957095040033e-18,0.133936017266088,0.146,0.133,1.97982656299821e-13
"CD14",1.08513207550655e-17,0.0328333866875905,0.686,0.669,2.20129892837259e-13
"GYG1",1.11377241791708e-17,-0.115706937428734,0.111,0.123,2.2593987269866e-13
"GNAI2",1.16368483476378e-17,0.0677300583504272,0.453,0.442,2.3606510558018e-13
"SSR2",1.26233171612038e-17,-0.0756267104509181,0.373,0.39,2.56076611932181e-13
"TNFAIP8",1.55074958732282e-17,0.154021534659172,0.101,0.091,3.14585061284307e-13
"CHD1",1.64922645760968e-17,0.111858845621731,0.197,0.183,3.345620791907e-13
"STK24",2.12127361820664e-17,0.147862656953696,0.107,0.096,4.30321566189399e-13
"HLA-DMA",2.27388905762563e-17,-0.0698809355509096,0.432,0.448,4.61281134229935e-13
"SSBP1",2.59075424448057e-17,-0.0532629728476829,0.249,0.263,5.25560406035328e-13
"DUT",3.48742587677508e-17,0.139621446674616,0.157,0.147,7.07459213362593e-13
"UBXN11",3.54187577189609e-17,0.145995497050537,0.152,0.141,7.18504919086842e-13
"CLEC4A",3.72404292766541e-17,0.099720187552301,0.284,0.269,7.55459348306206e-13
"CDC40",4.25195649118274e-17,-0.124509845107278,0.142,0.155,8.62551893801331e-13
"AGFG1",4.34210386216408e-17,-0.0217959071271545,0.104,0.101,8.80839189478605e-13
"GTF3A",4.46170330360327e-17,0.1051168005131,0.254,0.241,9.05101132168959e-13
"CAST",6.72741773311766e-17,0.0476596479367362,0.475,0.472,1.36472396134025e-12
"ARL5A",7.15113824918143e-17,0.126069563938184,0.193,0.181,1.45067990522894e-12
"CNOT2",7.7044231480392e-17,0.17385596774375,0.095,0.085,1.56291927981123e-12
"LSM3",8.88838654455964e-17,-0.0485536492501277,0.254,0.269,1.80309809442937e-12
"NUP214",9.01579710148903e-17,-0.0715593258141678,0.404,0.421,1.82894460000806e-12
"AKAP9",1.05293528017717e-16,0.081041577140093,0.167,0.155,2.13598450936741e-12
"RNASEH2C",1.18196439246698e-16,-0.0903191102511891,0.207,0.222,2.39773296655852e-12
"RAC2",1.2046755563948e-16,-0.0918652164249707,0.288,0.303,2.44380483370249e-12
"GTF2H5",1.34482015590572e-16,-0.109797940886891,0.14,0.152,2.72810216827035e-12
"SPCS3",1.38608907236779e-16,0.103808199312015,0.247,0.232,2.8118202922053e-12
"GLRX3",1.71809249562358e-16,-0.0476734179632753,0.079,0.086,3.48532243662199e-12
"LACTB",1.87397149237244e-16,-0.111322110186431,0.155,0.169,3.80153856942674e-12
"IRS2",1.87769160761516e-16,-0.0744749696970178,0.23,0.233,3.8090851952081e-12
"NDUFB5",1.92035252054929e-16,-0.0796103370380322,0.269,0.285,3.89562712318628e-12
"PJA2",1.9266576998846e-16,0.106566702895317,0.151,0.139,3.90841780998591e-12
"IFI27L2",2.61897506597436e-16,-0.0913139403969729,0.312,0.328,5.3128528188356e-12
"SYF2",2.71563231761832e-16,0.0769231499007597,0.413,0.4,5.50893171952052e-12
"LRRC25",2.91474846436055e-16,-0.10438989368547,0.174,0.187,5.91285873480181e-12
"MTIF3",3.01953560090438e-16,-0.0933248885220033,0.15,0.163,6.12542991999462e-12
"RGS18",3.14995820845185e-16,-0.134335530861804,0.176,0.184,6.39000522166543e-12
"EPS15",3.31359270661442e-16,0.0964333256602921,0.128,0.117,6.72195416463802e-12
"SMAP2",3.38083968300938e-16,-0.0979439604064984,0.304,0.315,6.85837138095283e-12
"VPS28",3.93053420053334e-16,-0.0695643122245719,0.312,0.328,7.97348167920193e-12
"TXNL1",4.31253046457477e-16,-0.114347665833629,0.115,0.126,8.74839930043639e-12
"RALB",4.4149663177218e-16,-0.143526829321724,0.103,0.114,8.95620067213044e-12
"CAT",5.02344241653714e-16,0.136047236934997,0.162,0.151,1.01905552861872e-11
"KLF4",5.37784407789792e-16,-0.0648757529144306,0.43,0.445,1.09094944964237e-11
"NR3C1",5.780186813281e-16,0.0922925431998365,0.129,0.118,1.17256869694218e-11
"NDUFC2",6.01082578655982e-16,0.0798633772977493,0.318,0.311,1.21935611906152e-11
"MGST2",6.23475357786484e-16,-0.0506724199689863,0.168,0.179,1.26478211080566e-11
"SS18L2",6.47524488221719e-16,0.158670491107326,0.123,0.113,1.31356817680658e-11
"CD74",6.86973580876234e-16,0.0145531083487,0.917,0.909,1.39359460616553e-11
"ITGB1",8.9771894804521e-16,0.100732474038131,0.189,0.176,1.82111265800451e-11
"EIF4EBP1",9.55178233774365e-16,0.0687836746904967,0.259,0.257,1.93767456503468e-11
"TMEM14C",1.14713813955795e-15,0.127811833233145,0.166,0.156,2.32708442990726e-11
"ETHE1",1.25081096972283e-15,-0.0843533189735902,0.137,0.149,2.53739513317973e-11
"CAB39",1.77686304250197e-15,0.12778305193247,0.09,0.081,3.60454436801949e-11
"SMS",1.99454324991474e-15,0.127559550017856,0.186,0.174,4.04613043677705e-11
"MYH9",2.04074309508903e-15,0.0861204286428954,0.256,0.241,4.13985144269761e-11
"TMEM167A",2.0538228024654e-15,-0.0706360047641694,0.343,0.359,4.16638493708132e-11
"UBB",2.10226451115865e-15,-0.041225283434144,0.605,0.614,4.26465378733643e-11
"PIK3AP1",3.05109382516322e-15,-0.13643937566504,0.138,0.146,6.18944893372611e-11
"CIAO2A",3.37112369502622e-15,0.110564427356735,0.222,0.21,6.8386615277302e-11
"MOB3A",3.51245148342536e-15,0.131740860735732,0.128,0.117,7.12535907927668e-11
"CHMP1B",3.55269030461089e-15,-0.0852222093809074,0.288,0.294,7.20698755193365e-11
"CAMTA1",3.80167355266784e-15,0.119229183304727,0.203,0.192,7.71207496894198e-11
"SAP30BP",4.07279043062031e-15,0.153612138956512,0.113,0.102,8.26206266755636e-11
"VDAC3",4.70325036851007e-15,-0.028159692445879,0.105,0.112,9.54101369755953e-11
"WASHC4",5.17630126518884e-15,0.0982326374473099,0.138,0.127,1.05006447465621e-10
"METTL26",5.23224922349223e-15,0.120893669053351,0.18,0.168,1.06141407747763e-10
"HCLS1",5.85567683418294e-15,0.0754149990675499,0.361,0.345,1.18788260258235e-10
"GIT2",6.2731976399447e-15,0.155616613421964,0.108,0.098,1.27258087323918e-10
"DUSP23",6.68828698040931e-15,0.100763670713793,0.151,0.147,1.35678589684583e-10
"MAP2K3",6.8774254834229e-15,0.139098381532917,0.142,0.131,1.39515453356717e-10
"SEPTIN6",6.95179570589887e-15,0.168099574468969,0.095,0.085,1.41024127689865e-10
"DGUOK",7.46361701295193e-15,-0.0340550983390138,0.175,0.184,1.51406934724743e-10
"RICTOR",8.04081795911791e-15,0.114625530199834,0.104,0.094,1.63116033118666e-10
"H2AZ1",8.9841186739222e-15,0.0661860265335235,0.423,0.417,1.82251831419186e-10
"UBALD2",9.77146531052002e-15,-0.1395134089779,0.115,0.126,1.98223945289209e-10
"SCAND1",1.01017043139019e-14,-0.0309879615025654,0.393,0.408,2.04923173711814e-10
"IFT20",1.05519298127655e-14,0.150753960841979,0.132,0.123,2.14056448181761e-10
"C1QBP",1.11404254020221e-14,0.125106074550302,0.156,0.147,2.2599466970542e-10
"LAPTM5",1.22404103312338e-14,-0.0394323130186574,0.718,0.726,2.48308963979409e-10
"RBIS",1.53217713784531e-14,-0.0504393453773252,0.261,0.274,3.10817454183301e-10
"TMEM33",1.58383521283687e-14,0.093967891679278,0.106,0.097,3.21296811276088e-10
"SNAP23",1.61972122844587e-14,0.118945409847746,0.175,0.162,3.28576648402529e-10
"ZNF655",1.78300150336317e-14,0.153015735332289,0.104,0.095,3.61699684972253e-10
"HINT2",1.91847210093544e-14,0.146456807324663,0.119,0.11,3.89181250395763e-10
"ARF6",1.98526072291305e-14,0.0864850349339017,0.312,0.3,4.02729990250142e-10
"CAP1",1.99914685864225e-14,-0.0675278543405646,0.423,0.439,4.05546931744167e-10
"GHITM",2.11435975348231e-14,-0.0662153850090222,0.256,0.271,4.2891901959142e-10
"BAG1",2.35950644718706e-14,-0.0989986477642446,0.15,0.162,4.78649477876366e-10
"PPP2R5C",2.43169228048693e-14,0.096247117955792,0.196,0.183,4.93293096019578e-10
"RPN2",2.49765164062429e-14,-0.119876530475957,0.138,0.149,5.06673611817044e-10
"WAC",2.65261142489812e-14,0.0791315281063198,0.19,0.178,5.38108753654833e-10
"TMED2",3.49950825949137e-14,0.108116381978984,0.221,0.21,7.0991024552042e-10
"PPP1R2",3.99855016186468e-14,0.105887034619605,0.176,0.164,8.11145885835869e-10
"CALCOCO2",4.18415183621795e-14,-0.11647910697793,0.182,0.193,8.48797041495172e-10
"NUDC",4.48357554900279e-14,-0.0642811782174851,0.128,0.137,9.09538135870706e-10
"PHIP",4.83222865490038e-14,0.105582082788819,0.175,0.162,9.8026590493309e-10
"LSM2",5.07835411027127e-14,-0.0700353288584143,0.099,0.108,1.03019491480963e-09
"SEC11A",5.68311075140023e-14,0.066259511119551,0.447,0.433,1.15287584702905e-09
"POLR2I",5.81299708274052e-14,0.128959688980929,0.162,0.151,1.17922458820474e-09
"UBE2K",6.63698504135288e-14,0.118428985663604,0.138,0.127,1.34637878548885e-09
"SH2B3",6.98754313872833e-14,0.125343622071109,0.131,0.12,1.41749300112243e-09
"BIN2",7.54673678123091e-14,-0.108490399747705,0.172,0.184,1.5309310234405e-09
"NSD3",7.89582781574087e-14,0.144262658100915,0.126,0.116,1.60174763070119e-09
"LRRFIP1",7.91578795028924e-14,0.0545331338776363,0.519,0.509,1.60579674359568e-09
"ZCRB1",8.03433023194111e-14,-0.106594525587574,0.089,0.097,1.62984423085157e-09
"TRIM38",8.68604472475231e-14,0.131626611908601,0.135,0.124,1.76205103286325e-09
"RTN3",1.08289034522743e-13,0.0843440113617762,0.304,0.29,2.19675135432836e-09
"PRR13",1.14646158103608e-13,-0.0494487205163505,0.466,0.482,2.32571196328978e-09
"GALNT1",1.17570236405502e-13,0.144059093513941,0.086,0.077,2.38502981572201e-09
"FKBP3",1.17860195553097e-13,-0.0804006864746861,0.092,0.1,2.39091192699012e-09
"MACROH2A1",1.21736899920258e-13,-0.0560539245756249,0.48,0.493,2.46955475178235e-09
"PAFAH1B2",1.29176730722187e-13,0.140887224144499,0.096,0.086,2.62047915943028e-09
"RAD21",1.36420611223365e-13,0.0622376158026323,0.148,0.138,2.76742851927718e-09
"NDUFAB1",1.48672891353421e-13,-0.0174443721473775,0.221,0.23,3.01597827399549e-09
"ERGIC3",1.50934685250734e-13,0.104885710681893,0.209,0.198,3.0618610249964e-09
"RAB32",1.56058114883659e-13,-0.0129087876733369,0.228,0.237,3.16579491852991e-09
"DNAJB6",1.76486344254778e-13,0.103187184680388,0.239,0.226,3.58020197955243e-09
"DENND5A",1.77879263680074e-13,0.130338344003237,0.08,0.072,3.60845874301398e-09
"SEC61B",1.88510488599989e-13,-0.04393736401251,0.488,0.504,3.82412377173938e-09
"CNPY3",2.47442358154701e-13,-0.0604890266783362,0.411,0.426,5.01961567752627e-09
"UBE2A",2.52969819082862e-13,-0.110048750180705,0.113,0.123,5.13174574991493e-09
"HIGD1A",2.58925677845702e-13,-0.0861915773257428,0.097,0.106,5.25256630077791e-09
"ECHS1",2.60679178261237e-13,-0.0645485719471429,0.105,0.113,5.28813781020745e-09
"JAK1",2.73304902417522e-13,0.0867550692173895,0.257,0.243,5.54426325044186e-09
"TMEM243",3.39521738849212e-13,0.146857986962834,0.09,0.081,6.88753799429512e-09
"MYDGF",3.77580701894351e-13,0.048146632226912,0.191,0.192,7.6596021186288e-09
"NENF",3.99032461069345e-13,0.130996071269775,0.135,0.127,8.09477250525273e-09
"NDFIP1",4.59285373151759e-13,-0.0741459569006812,0.196,0.208,9.31706307975659e-09
"MICOS10",4.68449864159709e-13,0.0631803474193697,0.445,0.437,9.50297394434386e-09
"GPCPD1",4.95806841545473e-13,0.0612718363682508,0.232,0.22,1.00579375875915e-08
"LARS1",5.11716426838824e-13,0.118660593571427,0.101,0.092,1.03806794348524e-08
"POLR2K",5.43044384460468e-13,-0.0785885031464463,0.14,0.15,1.10161983831651e-08
"CD47",5.88173690728145e-13,-0.077290347305031,0.18,0.192,1.19316914901112e-08
"PRCP",5.90179721846079e-13,-0.126984770126296,0.14,0.151,1.19723858373696e-08
"VKORC1",6.4048776396447e-13,-0.0375615402150862,0.106,0.113,1.29929347797832e-08
"SNRPD1",6.9269023955317e-13,0.0961574504895825,0.215,0.206,1.40519141995756e-08
"CARD8",7.01810206995758e-13,0.102306126960916,0.15,0.139,1.4236921859116e-08
"PTPN12",7.56309015089512e-13,0.03995925741416,0.14,0.133,1.53424846801058e-08
"LRRK2",7.59141042966634e-13,0.0582645440961129,0.262,0.249,1.53999351976211e-08
"OS9",8.78066788202113e-13,-0.0790307324707146,0.164,0.175,1.78124628654681e-08
"DRAM2",8.9296187372734e-13,0.104694406554756,0.197,0.186,1.81146245704328e-08
"EIF5B",9.15410872399313e-13,0.101270420300201,0.156,0.145,1.85700249574925e-08
"PTPN2",9.17696264738046e-13,0.0894855013735622,0.175,0.163,1.8616386426476e-08
"MYO1F",9.76091180237555e-13,0.0668514633869333,0.388,0.375,1.9800985682299e-08
"LYPLA1",1.0616448527094e-12,0.118786013108081,0.163,0.152,2.1536527482063e-08
"C11orf58",1.16311419527878e-12,0.0820815460188258,0.307,0.294,2.35949345654253e-08
"GNAI3",1.18667142025255e-12,0.125549179173295,0.128,0.118,2.40728164312433e-08
"METTL7A",1.19316114692892e-12,-0.138278360140685,0.117,0.126,2.42044670266001e-08
"SFT2D1",1.23643483241948e-12,-0.0573890508386102,0.225,0.237,2.50823170104616e-08
"BAZ2A",1.27329893977226e-12,0.099158999763595,0.13,0.12,2.58301422922201e-08
"MIR23AHG",1.28644750016733e-12,0.0982721983847916,0.252,0.239,2.60968739883945e-08
"KIAA0930",1.30761808432856e-12,0.112034646601276,0.117,0.107,2.65263404586891e-08
"ZFP36L2",1.41717107778999e-12,-0.0424112921751387,0.498,0.492,2.87487324840477e-08
"NEMF",1.42901505235551e-12,0.118742465658408,0.125,0.115,2.8988999352084e-08
"CARD19",1.49899082159024e-12,0.0465809769677177,0.207,0.209,3.04085278067796e-08
"PPP2R5E",1.51768447855083e-12,0.138914409662506,0.094,0.085,3.07877473318821e-08
"LMBRD1",1.54137999821491e-12,0.142177439815476,0.103,0.094,3.12684346437876e-08
"RB1CC1",1.54892958072295e-12,0.112614696570061,0.107,0.098,3.14215854745457e-08
"OTULINL",1.93167603081049e-12,0.13081854174113,0.112,0.102,3.91859799610215e-08
"SH3BP2",1.99357715245227e-12,0.108647154932582,0.177,0.166,4.04417061146467e-08
"CCDC85B",2.15738576425353e-12,-0.0667314090659541,0.247,0.26,4.3764727613647e-08
"GADD45GIP1",2.17577356379428e-12,-0.0205644653050665,0.205,0.214,4.41377425151307e-08
"SRA1",2.28107363321534e-12,-0.00813072633948787,0.137,0.142,4.62738597234063e-08
"ZC3H15",2.76544152205126e-12,-0.0585118041112788,0.243,0.256,5.6099746716332e-08
"TBRG1",2.76784205714246e-12,0.132578184551611,0.117,0.107,5.6148443971192e-08
"USP8",3.0240470899929e-12,0.114317317335997,0.122,0.112,6.13458192675959e-08
"SUPT4H1",3.12839460150149e-12,-0.057592985706252,0.326,0.341,6.34626128860593e-08
"DUSP2",3.13849319007278e-12,-0.12374386119449,0.146,0.156,6.36674728538163e-08
"YWHAE",3.38737612210462e-12,0.0732216601892686,0.304,0.291,6.87163120130143e-08
"TXNL4A",3.39897182053605e-12,0.133372914850096,0.119,0.111,6.89515423513943e-08
"SOD2",3.43099642135683e-12,-0.018561622502026,0.473,0.488,6.96011934036447e-08
"RAB27A",3.51468137239197e-12,0.0903643413189371,0.15,0.14,7.12988263203435e-08
"TRIM33",3.59443922927279e-12,0.135915281916876,0.086,0.078,7.29167942050278e-08
"C7orf50",3.66109944773423e-12,0.128650781568096,0.131,0.122,7.42690633967367e-08
"ACAP2",3.93700658830947e-12,0.0691847498432352,0.28,0.266,7.98661156504459e-08
"PBRM1",3.97332240638117e-12,0.0980594469371394,0.098,0.09,8.06028183358484e-08
"SEC11C",4.00672757388695e-12,-0.0403901684881429,0.087,0.093,8.12804755638706e-08
"PIAS1",4.05596403303422e-12,0.0497033062104869,0.097,0.09,8.22792863741322e-08
"OGFR",4.05809747869569e-12,-0.0879717044750174,0.127,0.136,8.23225654528207e-08
"PRPF4B",4.17996616005799e-12,0.0917908057915207,0.168,0.157,8.47947935229365e-08
"TLN1",4.68499107282846e-12,0.0686298344048558,0.286,0.272,9.50397289033981e-08
"ARPC4",4.75563883898865e-12,-0.0642986521131084,0.375,0.389,9.64728894877238e-08
"TIMM17B",5.04231001274742e-12,0.00513090784965919,0.121,0.125,1.02288300918594e-07
"MAPKAPK3",5.28189548618233e-12,0.119114503538598,0.142,0.133,1.07148531832695e-07
"FAM204A",6.9883834638477e-12,0.10882446240529,0.19,0.179,1.41766346947614e-07
"NDUFA10",7.44722738009052e-12,0.120148509206505,0.139,0.131,1.51074454632516e-07
"CGGBP1",7.69624500402375e-12,0.0750791658491813,0.126,0.117,1.56126026151626e-07
"PPP1CC",8.37168199406202e-12,0.102552267876983,0.201,0.19,1.69827940931542e-07
"TBCB",8.41020844487428e-12,-0.022816227360635,0.168,0.176,1.7060948851272e-07
"CALM2",8.42218481068979e-12,-0.00703915923227827,0.834,0.826,1.70852441069653e-07
"CALR",8.82445301791176e-12,-0.096390897107732,0.205,0.216,1.79012853921358e-07
"ZCCHC10",9.49331910837374e-12,0.131504517667663,0.085,0.077,1.9258147143247e-07
"SDF2L1",9.60563385837244e-12,0.00855509805785093,0.127,0.132,1.94859888450943e-07
"SEC31A",1.01867710325756e-11,0.109463582365147,0.119,0.11,2.06648837166829e-07
"HACD4",1.06259155726519e-11,-0.059692914132656,0.245,0.258,2.15557323306817e-07
"CCDC88A",1.17136684482574e-11,0.0768631271554037,0.162,0.152,2.3762347814135e-07
"PPP1CB",1.18541742812923e-11,0.0731312362690202,0.281,0.268,2.40473779470296e-07
"ZBTB8OS",1.21736559339005e-11,-0.0697326537218476,0.113,0.121,2.46954784275105e-07
"CFDP1",1.28223062294207e-11,0.115603272626846,0.122,0.112,2.60113304170029e-07
"CAMK1",1.36824759489687e-11,-0.101556721916822,0.102,0.11,2.77562707100778e-07
"CTBP1",1.43725574000565e-11,0.116016552387461,0.118,0.108,2.91561699417546e-07
"PSMC5",1.54843884577834e-11,-0.0481949327803552,0.164,0.173,3.14116304254595e-07
"SEC62",1.58771813994608e-11,0.0755040396340818,0.331,0.323,3.22084501869461e-07
"CDC37",1.65172102727232e-11,0.0933946986287905,0.2,0.189,3.35068127592463e-07
"PSMA2",1.65815779393902e-11,0.025423740093147,0.301,0.306,3.3637389007847e-07
"LY86",1.6724498248095e-11,-0.0377287812049827,0.368,0.382,3.39273171460856e-07
"CASP4",1.68271043158656e-11,-0.0614557093473205,0.246,0.259,3.4135463815165e-07
"CAPZA1",1.72655561035663e-11,0.0539554296955067,0.328,0.314,3.50249071116946e-07
"SNX10",1.90051854314127e-11,-0.0778278190641766,0.283,0.296,3.85539191661639e-07
"HSPE1",1.91127094171072e-11,0.10196857188973,0.169,0.162,3.87720423235436e-07
"TMED5",2.30747198833265e-11,0.123982811342965,0.132,0.122,4.6809376755316e-07
"RAB11FIP1",2.65049602050678e-11,0.0632381724816851,0.227,0.216,5.37679622720005e-07
"UBE2N",2.73762899954911e-11,-0.0886536487660827,0.121,0.13,5.55355418848533e-07
"MOB1A",2.8702761700487e-11,-0.0766050509455036,0.322,0.332,5.82264223856079e-07
"PRKAR1A",2.90898679534182e-11,0.0858680211943565,0.237,0.225,5.90117061303041e-07
"G0S2",2.94718062831455e-11,-0.0812529483791669,0.331,0.332,5.97865062259889e-07
"MEAF6",3.01492934652506e-11,0.109010240377,0.156,0.149,6.11608567236074e-07
"PMF1",3.90542035898226e-11,0.0756711858846541,0.121,0.12,7.92253574023141e-07
"TMEM230",4.20858603642058e-11,-0.0445586549961116,0.203,0.214,8.5375376334828e-07
"PDCD10",4.55149281513288e-11,-0.127618153709775,0.12,0.13,9.23315832477857e-07
"YME1L1",4.9664094804355e-11,0.0720572808618196,0.192,0.181,1.00748582720115e-06
"POLR2G",5.00503709372786e-11,0.0140206080328585,0.183,0.187,1.01532182483363e-06
"CLTB",5.37008399172607e-11,-0.044735833928738,0.174,0.182,1.08937523856155e-06
"ACADVL",5.54948556238679e-11,0.0983738417377193,0.137,0.132,1.12576864118578e-06
"PRELID1",6.63050056798076e-11,-0.0342831228487994,0.6,0.606,1.34506334522058e-06
"SMIM30",6.65684085398202e-11,-0.10582339470161,0.088,0.096,1.35040673563879e-06
"HM13",7.26659721899844e-11,-0.0423799055272694,0.136,0.143,1.47410191184602e-06
"PPA1",8.70793582114388e-11,-0.0752955203969758,0.189,0.2,1.76649186067725e-06
"AURKAIP1",8.71169397694e-11,0.0104901840588283,0.316,0.322,1.76725424016205e-06
"SYNGR2",9.03426467856397e-11,-0.0408340851019178,0.194,0.204,1.83269093269349e-06
"CREB5",9.16083106476876e-11,-0.031164642789269,0.143,0.141,1.85836618979899e-06
"SUMO3",9.74260190776244e-11,0.0899202375592012,0.232,0.223,1.97638422300869e-06
"MAP3K8",1.06639269763996e-10,-0.0914365291038072,0.229,0.237,2.16328422643243e-06
"PPM1B",1.10531472640279e-10,0.121967057831953,0.082,0.075,2.2422414539807e-06
"PDXK",1.25308808842542e-10,0.0333441746145182,0.122,0.124,2.54201449617981e-06
"SPG21",1.35168377959785e-10,0.0768252604063663,0.282,0.273,2.74202571529219e-06
"RNF149",1.38589391897376e-10,0.0631836221272254,0.222,0.21,2.81142440403018e-06
"COX7A2",1.50692678637597e-10,-0.0303246578882739,0.629,0.64,3.0569516788423e-06
"PSMC3",1.50787606565349e-10,-0.0862014884720212,0.111,0.119,3.05887738678466e-06
"NDUFB10",1.5336713313523e-10,-0.0167592602612903,0.35,0.361,3.11120566278127e-06
"BID",1.64054499115957e-10,-0.00459278504217886,0.241,0.249,3.3280095690663e-06
"PER1",2.10912151619083e-10,-0.0997836548182524,0.147,0.154,4.27856390774471e-06
"SCPEP1",2.20902762020818e-10,-0.0448318039753787,0.255,0.267,4.48123343035431e-06
"DENR",2.29361726895347e-10,0.103279133326435,0.103,0.095,4.65283199179901e-06
"ATP5IF1",2.31262945034776e-10,-0.0388223055676689,0.322,0.334,4.69140010297546e-06
"LEPROT",2.48039444673872e-10,-0.0769772142868292,0.149,0.159,5.03172817465417e-06
"IDH3B",2.61509631016788e-10,-0.00741643231377082,0.122,0.127,5.30498437480656e-06
"DNAJA1",2.80120009459369e-10,-0.085259223659926,0.208,0.219,5.68251451189275e-06
"SSR4",2.82526082016656e-10,-0.0440940622831358,0.534,0.546,5.73132409978987e-06
"PNKD",2.84365069183432e-10,0.0991067303235808,0.152,0.146,5.7686297934551e-06
"HDGF",2.85283613281777e-10,0.121874903826958,0.102,0.093,5.78726337903412e-06
"DNAJC7",2.98747344559215e-10,-0.0479825279572093,0.201,0.21,6.06038863172823e-06
"SPCS1",3.16068152220845e-10,0.00019377403161136,0.358,0.367,6.41175853595206e-06
"GSTP1",3.27514436793998e-10,0.0376966271164498,0.841,0.832,6.64395786480303e-06
"RBP7",3.31282548434888e-10,-0.070389679745251,0.334,0.345,6.72039777755015e-06
"TMEM160",3.74349194060126e-10,0.0548273733331135,0.264,0.262,7.59404775070371e-06
"SERINC3",3.88155168003001e-10,0.0896092482355793,0.109,0.101,7.87411573810888e-06
"CTNNB1",4.43678898084289e-10,0.102876573526575,0.226,0.217,9.00047012653788e-06
"TUFM",5.15402316571677e-10,0.027851986297726,0.209,0.211,1.0455451393973e-05
"ELAVL1",5.3051953455075e-10,0.134084273616706,0.092,0.084,1.07621192778965e-05
"UBE2R2",7.60256338593036e-10,0.0972420138885607,0.189,0.179,1.54225600846983e-05
"CCND3",7.68118185884305e-10,-0.0948760562553058,0.198,0.207,1.5582045518849e-05
"HCST",9.16388981494614e-10,0.0421765003205419,0.697,0.687,1.85898668785997e-05
"PAIP2",9.17894953714186e-10,0.0667446226279802,0.337,0.329,1.8620417031046e-05
"UQCRC2",9.78522399681358e-10,-0.0114980555334434,0.181,0.188,1.9850305399936e-05
"KTN1",1.03752512872325e-09,0.0843230357948406,0.252,0.243,2.10472347612798e-05
"PIN1",1.05650498725467e-09,0.0319158940691584,0.142,0.144,2.14322601714482e-05
"SELENOS",1.24510609346543e-09,-0.0391379070151146,0.153,0.16,2.52582222120397e-05
"SHKBP1",1.29491197323167e-09,-0.0483163425569425,0.181,0.19,2.62685842889777e-05
"RCBTB2",1.32890552666518e-09,-0.111636494331398,0.097,0.105,2.69581775139298e-05
"TIMM17A",1.40098940053234e-09,0.13768675088611,0.084,0.077,2.8420470979199e-05
"CFLAR",1.47079165072251e-09,0.0791277274539108,0.215,0.204,2.98364794265568e-05
"ANKRD13D",1.57622615773218e-09,0.0985163527639603,0.115,0.107,3.19753238357549e-05
"SSNA1",1.65876181920249e-09,0.0779616733683128,0.169,0.165,3.36496422643417e-05
"SNW1",1.67535585912278e-09,-0.0777394225807365,0.123,0.131,3.39862689581647e-05
"SEC14L1",1.6923424757765e-09,-0.0890714772203299,0.151,0.16,3.4330859463602e-05
"FYN",1.73688761496167e-09,0.0908154019669414,0.129,0.12,3.52345021571124e-05
"NDUFA6",1.78711446086354e-09,-0.000711156030719029,0.226,0.232,3.62534039530777e-05
"GLTP",1.8303648455844e-09,0.113145672608097,0.142,0.133,3.7130781257525e-05
"MPC1",1.94872148225874e-09,-0.0457998083193838,0.136,0.143,3.95317639891007e-05
"ACTN1",2.00020979200516e-09,0.0580809739570471,0.101,0.094,4.05762558406167e-05
"ESD",2.08116410791318e-09,-0.00616102286713649,0.234,0.242,4.22184950931267e-05
"STX10",2.50108245265236e-09,-0.0445780961162882,0.193,0.202,5.07369586345058e-05
"DNAJC4",2.53118128124485e-09,0.107142348450283,0.137,0.129,5.1347543471333e-05
"HNRNPH2",2.87227220574273e-09,0.10478827977183,0.135,0.126,5.8266913965697e-05
"ARHGDIA",3.14673769653279e-09,0.0743836366663305,0.245,0.236,6.38347209118641e-05
"SURF1",3.17536822175459e-09,0.0713086896998678,0.146,0.144,6.44155197465136e-05
"TBXAS1",3.5950767867037e-09,-0.0527540306086124,0.171,0.18,7.29297276950713e-05
"ZNF385A",3.84614769123663e-09,0.0895677573621405,0.151,0.142,7.80229520644262e-05
"ETFB",4.21479251854584e-09,-0.0433225570344143,0.192,0.2,8.55012810312209e-05
"SH3BGRL",4.22025038714292e-09,-0.0451560925028902,0.49,0.502,8.56119993535812e-05
"TIAL1",4.5931038778932e-09,0.131443965320762,0.094,0.087,9.31757052669414e-05
"YPEL5",4.69743896140783e-09,-0.0625841484765224,0.308,0.315,9.52922467711193e-05
"GRINA",4.75624522171588e-09,-0.0829639046580406,0.215,0.223,9.64851905677283e-05
"ELOB",4.95404574054562e-09,0.0397990653874247,0.823,0.816,0.000100497771892708
"CKLF",5.07326452986513e-09,0.0576307230619997,0.458,0.451,0.000102916244252844
"LYN",5.25920419644011e-09,0.061337227371455,0.328,0.316,0.000106688216328984
"JOSD2",5.30973894140445e-09,-0.0435781607691235,0.146,0.153,0.000107713364165331
"NRGN",5.43475815257525e-09,-0.0221696142804625,0.159,0.156,0.000110249503883141
"PGK1",5.69500931372071e-09,0.0586768728759215,0.427,0.416,0.000115528958938138
"BBLN",5.79441896269053e-09,0.0635291808687382,0.346,0.337,0.00011754558307714
"IER3IP1",6.28816434579717e-09,0.116343634755386,0.114,0.107,0.000127561701918841
"HADHB",7.09861341254042e-09,-0.0469266790199163,0.147,0.155,0.000144002471686795
"VAPA",7.94712127036569e-09,0.0634718140749893,0.381,0.371,0.000161215302090638
"SF3B2",8.32691372736323e-09,-0.0720978115746227,0.212,0.223,0.000168919771873291
"CTSS",9.31010657951026e-09,-0.0201352241434654,0.975,0.976,0.000188864822071945
"PSMD11",1.00438970348937e-08,-0.0584966938334309,0.081,0.086,0.000203750495249853
"PCMTD1",1.07850243686896e-08,0.093333957929656,0.099,0.091,0.000218785004343238
"PLEK",1.08132150128093e-08,0.0606358011338499,0.403,0.395,0.000219356879749849
"CCDC124",1.11096912194959e-08,0.0904563838939499,0.112,0.108,0.000225371196078693
"CAPNS1",1.14472159465984e-08,0.0568906175455491,0.28,0.269,0.000232218222692695
"GDI2",1.15847209700253e-08,0.0611268389798227,0.365,0.356,0.000235007649597933
"DPH3",1.2007072787665e-08,-0.102818086589076,0.084,0.091,0.000243575478570572
"KLF3",1.26470550277423e-08,0.0826916558690423,0.218,0.209,0.00025655815829278
"NUTF2",1.3668356550849e-08,0.119705634501938,0.105,0.098,0.000277276280990524
"NUDT4",1.36961180969859e-08,0.0964495596396502,0.077,0.071,0.000277839451715457
"PRPF40A",1.54589303129784e-08,0.0815202657509835,0.188,0.178,0.000313599860329079
"DDT",1.64800158791669e-08,-0.0590534328706462,0.334,0.346,0.000334313602124779
"SIGIRR",1.65316117789955e-08,0.104211621942765,0.134,0.127,0.000335360276548704
"UBXN4",1.84726068029527e-08,-0.0653500038633829,0.185,0.195,0.000374735301604698
"NDUFB11",2.09718916942515e-08,-0.029234937617578,0.486,0.498,0.000425435794909585
"CERT1",2.1503884626256e-08,0.0986836450139822,0.098,0.091,0.00043622780352823
"PSENEN",2.27119961912912e-08,0.00312701968534501,0.172,0.176,0.000460735554736534
"ARHGAP26",2.31025486745886e-08,0.0686876136281397,0.121,0.114,0.000468658302412705
"NIPSNAP2",2.57603058926563e-08,0.10614204266563,0.132,0.125,0.000522573565338426
"SMIM7",2.73488381850029e-08,0.0979773512762404,0.131,0.123,0.000554798531420968
"BTG1",3.02479567607429e-08,0.0234499197405618,0.67,0.658,0.000613610050848431
"SREK1IP1",3.04732636810978e-08,0.0810910457057251,0.127,0.119,0.00061818062703475
"SNU13",3.39120953909299e-08,-0.00171080142977909,0.287,0.294,0.000687940767100404
"APH1A",3.40583185696422e-08,0.100460717943772,0.135,0.127,0.000690907050503762
"CNIH1",3.52660272884876e-08,0.0924745669658048,0.185,0.177,0.000715406629574259
"B4GALT1",3.72174500253678e-08,0.0857955627839508,0.127,0.119,0.000754993191214611
"TMEM9B",3.89883999121749e-08,0.0510659792261564,0.113,0.113,0.00079091868061838
"CNOT8",3.95198924267231e-08,0.110729738705368,0.08,0.073,0.000801700537768504
"SMDT1",3.96325273102548e-08,-0.0190471686043292,0.373,0.384,0.000803985449015828
"NDUFA11",3.97427078979002e-08,0.046503705669755,0.49,0.482,0.000806220572416804
"TMEM205",4.22624116847326e-08,-0.000992720024571847,0.216,0.222,0.000857335283436485
"MCL1",4.48418520455115e-08,-0.0337612326755896,0.635,0.647,0.000909661810595246
"IER2",4.8798527729215e-08,0.0126517218953173,0.657,0.645,0.000989926933514855
"SUMO1",5.20533571034792e-08,-0.00480390391923002,0.29,0.297,0.00105595440220118
"ARHGEF40",5.36299937401086e-08,-0.0191137967655515,0.139,0.136,0.00108793805301184
"ENSA",5.50831188158969e-08,0.0572966314685665,0.213,0.21,0.00111741614829928
"SRP72",5.57687917644695e-08,0.0872776614107303,0.169,0.16,0.00113132570973403
"PPP4R2",5.69873269601945e-08,0.128765120835005,0.091,0.085,0.00115604491471451
"RAB14",5.7950688016142e-08,-0.123847062059269,0.094,0.1,0.00117558765709546
"POLR3GL",5.89713321701037e-08,-0.0459431529557968,0.108,0.114,0.00119629244440272
"RPA3",6.02100500626616e-08,-0.0891214130187193,0.081,0.087,0.00122142107557115
"CHD9",6.10185240813527e-08,0.102012626969821,0.114,0.106,0.00123782177951432
"TPM3",6.11777373252603e-08,-0.00636795722054151,0.611,0.62,0.00124105157938023
"FAM120A",6.75758282376945e-08,0.0600335791389803,0.225,0.215,0.00137084325162987
"CYBB",7.13310639128441e-08,-0.0416079285606443,0.568,0.58,0.00144702196253596
"ISCU",7.22939636036442e-08,-0.0355044436011645,0.196,0.204,0.00146655534566353
"MSL3",7.58177123599258e-08,0.0167260018333016,0.159,0.153,0.00153803811293346
"XRCC6",7.76428889029113e-08,0.0774286277014348,0.186,0.178,0.00157506364428446
"WDR83OS",8.82889303415194e-08,0.00948135992923027,0.408,0.414,0.00179102924090806
"DCTN6-DT",8.85240736409973e-08,0.125198506594493,0.088,0.081,0.00179579935788127
"TRIR",8.85341555368677e-08,0.0494224454205252,0.461,0.451,0.0017960038792209
"ATP6V1A",8.93585121807051e-08,0.0311129165974112,0.124,0.118,0.00181272677809778
"TPRKB",9.1688225405618e-08,0.0236661050375633,0.108,0.11,0.00185998734057837
"RIN3",1.05018432581426e-07,-0.0546103117748835,0.187,0.196,0.00213040392334682
"AZI2",1.09363710715829e-07,0.0631441598223121,0.117,0.111,0.0022185522355813
"IK",1.15759831253389e-07,-0.0753568577192543,0.178,0.188,0.00234830393680626
"ATP5MK",1.22483889658764e-07,-0.0314568291996071,0.532,0.542,0.00248470818561768
"SYPL1",1.22551706468541e-07,0.101786892377334,0.115,0.111,0.00248608391742083
"PTTG1IP",1.31653908007388e-07,-0.0929495321389425,0.136,0.144,0.00267073117783787
"SSR3",1.32898598114115e-07,-0.0503557915103776,0.242,0.252,0.00269598096134294
"TAF7",1.44064550402665e-07,0.101413268151648,0.116,0.108,0.00292249346946845
"TUBB",1.47845335000046e-07,0.0454208716482893,0.171,0.17,0.00299919046581093
"CUTA",1.50492398519471e-07,0.0522031515404431,0.325,0.32,0.00305288879636599
"ADIPOR1",1.55791732487346e-07,0.0984250074549381,0.118,0.111,0.0031603910852383
"STX7",1.56195940619766e-07,-0.102652913117182,0.128,0.136,0.00316859085141258
"ASGR1",1.6472942422526e-07,0.0505847076697858,0.296,0.292,0.00334170109983363
"HERPUD1",1.68329213817895e-07,0.0237898597168831,0.297,0.3,0.00341472643150981
"FKBP8",1.79072080893768e-07,0.0590157160590332,0.271,0.265,0.00363265623301097
"MICOS13",1.87711774934914e-07,0.0649046830004055,0.25,0.245,0.00380792106632967
"C19orf53",1.9189597564582e-07,-0.0091352262994111,0.385,0.394,0.00389280176195111
"U2AF1",2.03802730332949e-07,-0.0519003628842145,0.305,0.316,0.0041343421875342
"MPEG1",2.16839420838573e-07,-0.0561425026951514,0.406,0.415,0.00439880449113129
"GLIPR1",2.26943957053372e-07,-0.0403821211331301,0.442,0.453,0.00460378511278471
"SELENOT",2.37644408939916e-07,-0.0391295200440783,0.249,0.259,0.00482085447975513
"ALOX5AP",2.40046538566899e-07,-0.043885079289621,0.167,0.167,0.00486958408136811
"UBXN1",2.60592112613077e-07,-0.0399171127004647,0.343,0.354,0.00528637159646889
"CCT8",2.67181892067241e-07,-0.00194916029719816,0.211,0.216,0.00542005186247605
"ORMDL1",2.68420600963988e-07,0.0880359581071747,0.154,0.146,0.00544518031115547
"ATP5PB",2.68813620799404e-07,0.0211935108561205,0.337,0.341,0.0054531531115367
"RNF138",2.9986229185375e-07,0.102697494206823,0.1,0.093,0.00608300645254517
"MAF1",3.0379801451332e-07,0.0667349494803008,0.142,0.139,0.00616284652241721
"SLC25A36",3.24751974311521e-07,0.120559549944252,0.086,0.08,0.00658791855088352
"DARS1",3.62485535981412e-07,0.0829965511521602,0.092,0.086,0.00735338158291892
"NAA20",3.91156874283049e-07,0.0329161928761699,0.101,0.103,0.00793500835170593
"TLR2",3.91960858262587e-07,-0.0764236013710545,0.152,0.156,0.00795131797071484
"TRAPPC2L",4.13782780006226e-07,-0.0419557713132169,0.157,0.164,0.00839399747520631
"PTRHD1",4.15577304682665e-07,0.0692736776518902,0.202,0.197,0.00843040120279254
"C9orf78",4.27806663251214e-07,0.0723065118717824,0.19,0.181,0.00867848597071412
"CHCHD5",4.50735253605681e-07,0.0725584984603169,0.198,0.189,0.00914361535464485
"STX16",5.25468659604564e-07,0.105559293598068,0.09,0.084,0.0106596572287382
"RTF1",5.33470348796924e-07,0.0737066779493036,0.225,0.216,0.0108219794956944
"LPXN",5.42123067583406e-07,0.0834962161219844,0.09,0.084,0.010997508548997
"PDCD6",5.44691724134572e-07,0.0536714347734337,0.174,0.172,0.0110496163157939
"MPG",6.02000657751226e-07,-0.0163731548148142,0.113,0.117,0.0122121853431414
"ELOC",6.10391143335539e-07,-0.00997992247292084,0.199,0.205,0.0123823947337047
"RSU1",6.38788721113408e-07,-0.0732043887035151,0.096,0.102,0.0129584679965066
"NDUFS5",6.46751579393089e-07,-0.0236896540121005,0.474,0.485,0.0131200025395682
"CD46",6.7567629262255e-07,0.0531008964905614,0.188,0.18,0.0137067692721411
"CNN2",7.88157283757523e-07,0.0756001801004838,0.17,0.164,0.0159885586583051
"NACA",8.13570376811342e-07,-0.00550603430664243,0.897,0.891,0.0165040886639949
"KCTD12",8.62542505307904e-07,0.0265958885598914,0.343,0.333,0.0174975372626761
"SLC66A3",8.71011498727472e-07,0.10104866274309,0.132,0.126,0.0176693392631855
"SVBP",9.35764736944394e-07,0.0951062421613664,0.104,0.1,0.018982923453654
"UBE2I",9.99672624534094e-07,0.0511075315437598,0.238,0.235,0.0202793588612986
"MIEN1",1.01757139967851e-06,0.0681980424327822,0.158,0.155,0.0206424534138782
"EIF4A1",1.06120407700726e-06,0.029846302269307,0.726,0.716,0.0215275859061693
"TAPBP",1.06974437141973e-06,-0.0627106726558111,0.255,0.264,0.0217008343186206
"COMMD7",1.09480793508378e-06,-0.00439458712203172,0.111,0.114,0.0222092737711095
"OXA1L",1.14258318223956e-06,0.078684837181258,0.155,0.15,0.0231784424349118
"COPS2",1.21131288987833e-06,0.0944571635746789,0.11,0.104,0.0245726932840719
"CMTM7",1.21451233719104e-06,0.0379537222237354,0.172,0.172,0.0246375972722575
"RNPEP",1.23255483490792e-06,0.0633917281758369,0.117,0.115,0.025003607380942
"SMIM14",1.27084976582415e-06,-0.079598755194692,0.112,0.119,0.0257804583495088
"ETFA",1.31515488207636e-06,-0.0524961610495009,0.116,0.122,0.0266792319378011
"CDKN2D",1.32052869011286e-06,0.0234288688437924,0.243,0.245,0.0267882450076295
"CDA",1.33835257319709e-06,0.0479073477384488,0.267,0.266,0.0271498202998761
"MS4A7",1.50308631430143e-06,-0.0612811287960324,0.271,0.275,0.0304916089719188
"PUF60",1.51100965665088e-06,0.0186732670610941,0.106,0.108,0.0306523418948198
"CDC26",1.54314337185845e-06,-0.0465615876402822,0.087,0.092,0.0313042064415206
"PSMD6",1.70180587723105e-06,-0.00589642578791649,0.104,0.108,0.0345228340255091
"LPAR6",1.7101030367298e-06,0.0343001959538732,0.119,0.12,0.0346911502031006
"AP3S1",1.86417155022281e-06,0.0331147975242259,0.216,0.217,0.0378165840678198
"DUSP22",1.92318425032542e-06,0.102771670033962,0.11,0.105,0.0390137157021015
"PSMC1",2.05225390027443e-06,-0.00364724966582822,0.133,0.137,0.0416320226209671
"NOSIP",2.06892595809052e-06,0.0701185675376158,0.166,0.158,0.0419702319858242
"AUP1",2.08466248820529e-06,0.069033626071889,0.145,0.141,0.0422894632357324
"RNF166",2.10207275387316e-06,0.0491364389866583,0.158,0.156,0.042642647885071
"SEM1",2.20808959399553e-06,-0.0391018232622367,0.343,0.353,0.0447933055037934
"SARAF",2.38015147378154e-06,0.0444278953175625,0.477,0.467,0.0482837527971323
"CD37",2.39540726506314e-06,-0.0298490148954489,0.599,0.601,0.0485932317790708
